Level5,레벨 5 달성!!,게임에서 레벨 5에 도달하세요,ko-KR
Level5,レベル5達成!!,ゲームでレベル5に到達,ja-JP
Level5,达到5级!!,在游戏中达到5级,zh-CN
Level5,達成5級!!,在遊戲中達到5級,zh-TW
Level5,達成5級!!,在遊戲中達到5級,zh-HK
Level5,Niveau 5 atteint !!,Atteignez le niveau 5 dans le jeu,fr-FR
Level5,Niveau 5 atteint !!,Atteignez le niveau 5 dans le jeu,fr-CA
Level5,¡Nivel 5 alcanzado!,Alcanza el nivel 5 en el juego,es-ES
Level5,¡Nivel 5 alcanzado!,Alcanza el nivel 5 en el juego,es-US
Level5,Livello 5 raggiunto!!,Raggiungi il livello 5 nel gioco,it-IT
Level5,Level 5 erreicht!!,Erreiche Level 5 im Spiel,de-DE
Level5,Nível 5 alcançado!!,Alcance o nível 5 no jogo,pt-BR
Level5,Nível 5 alcançado!!,Alcance o nível 5 no jogo,pt-PT
Level5,Уровень 5 достигнут!!,Достигните уровня 5 в игре,ru-RU
Level5,Level 5 tercapai!!,Capai level 5 dalam permainan,id
Level5,Đạt cấp 5!!,Đạt cấp 5 trong trò chơi,vi
Level5,ถึงเลเวล 5 แล้ว!!,ถึงเลเวล 5 ในเกม,th
Level5,Seviye 5 başarıldı!!,Oyunda 5 seviyeye ulaşın,tr-TR
Level10,레벨 10 달성!!,게임에서 레벨 10에 도달하세요,ko-KR
Level10,レベル10達成!!,ゲームでレベル10に到達,ja-JP
Level10,达到10级!!,在游戏中达到10级,zh-CN
Level10,達成10級!!,在遊戲中達到10級,zh-TW
Level10,達成10級!!,在遊戲中達到10級,zh-HK
Level10,Niveau 10 atteint !!,Atteignez le niveau 10 dans le jeu,fr-FR
Level10,Niveau 10 atteint !!,Atteignez le niveau 10 dans le jeu,fr-CA
Level10,¡Nivel 10 alcanzado!,Alcanza el nivel 10 en el juego,es-ES
Level10,¡Nivel 10 alcanzado!,Alcanza el nivel 10 en el juego,es-US
Level10,Livello 10 raggiunto!!,Raggiungi il livello 10 nel gioco,it-IT
Level10,Level 10 erreicht!!,Erreiche Level 10 im Spiel,de-DE
Level10,Nível 10 alcançado!!,Alcance o nível 10 no jogo,pt-BR
Level10,Nível 10 alcançado!!,Alcance o nível 10 no jogo,pt-PT
Level10,Уровень 10 достигнут!!,Достигните уровня 10 в игре,ru-RU
Level10,Level 10 tercapai!!,Capai level 10 dalam permainan,id
Level10,Đạt cấp 10!!,Đạt cấp 10 trong trò chơi,vi
Level10,ถึงเลเวล 10 แล้ว!!,ถึงเลเวล 10 ในเกม,th
Level10,Seviye 10 başarıldı!!,Oyunda 10 seviyeye ulaşın,tr-TR
Level15,레벨 15 달성!!,게임에서 레벨 15에 도달하세요,ko-KR
Level15,レベル15達成!!,ゲームでレベル15に到達,ja-JP
Level15,达到15级!!,在游戏中达到15级,zh-CN
Level15,達成15級!!,在遊戲中達到15級,zh-TW
Level15,達成15級!!,在遊戲中達到15級,zh-HK
Level15,Niveau 15 atteint !!,Atteignez le niveau 15 dans le jeu,fr-FR
Level15,Niveau 15 atteint !!,Atteignez le niveau 15 dans le jeu,fr-CA
Level15,¡Nivel 15 alcanzado!,Alcanza el nivel 15 en el juego,es-ES
Level15,¡Nivel 15 alcanzado!,Alcanza el nivel 15 en el juego,es-US
Level15,Livello 15 raggiunto!!,Raggiungi il livello 15 nel gioco,it-IT
Level15,Level 15 erreicht!!,Erreiche Level 15 im Spiel,de-DE
Level15,Nível 15 alcançado!!,Alcance o nível 15 no jogo,pt-BR
Level15,Nível 15 alcançado!!,Alcance o nível 15 no jogo,pt-PT
Level15,Уровень 15 достигнут!!,Достигните уровня 15 в игре,ru-RU
Level15,Level 15 tercapai!!,Capai level 15 dalam permainan,id
Level15,Đạt cấp 15!!,Đạt cấp 15 trong trò chơi,vi
Level15,ถึงเลเวล 15 แล้ว!!,ถึงเลเวล 15 ในเกม,th
Level15,Seviye 15 başarıldı!!,Oyunda 15 seviyeye ulaşın,tr-TR
Level20,레벨 20 달성!!,게임에서 레벨 20에 도달하세요,ko-KR
Level20,レベル20達成!!,ゲームでレベル20に到達,ja-JP
Level20,达到20级!!,在游戏中达到20级,zh-CN
Level20,達成20級!!,在遊戲中達到20級,zh-TW
Level20,達成20級!!,在遊戲中達到20級,zh-HK
Level20,Niveau 20 atteint !!,Atteignez le niveau 20 dans le jeu,fr-FR
Level20,Niveau 20 atteint !!,Atteignez le niveau 20 dans le jeu,fr-CA
Level20,¡Nivel 20 alcanzado!,Alcanza el nivel 20 en el juego,es-ES
Level20,¡Nivel 20 alcanzado!,Alcanza el nivel 20 en el juego,es-US
Level20,Livello 20 raggiunto!!,Raggiungi il livello 20 nel gioco,it-IT
Level20,Level 20 erreicht!!,Erreiche Level 20 im Spiel,de-DE
Level20,Nível 20 alcançado!!,Alcance o nível 20 no jogo,pt-BR
Level20,Nível 20 alcançado!!,Alcance o nível 20 no jogo,pt-PT
Level20,Уровень 20 достигнут!!,Достигните уровня 20 в игре,ru-RU
Level20,Level 20 tercapai!!,Capai level 20 dalam permainan,id
Level20,Đạt cấp 20!!,Đạt cấp 20 trong trò chơi,vi
Level20,ถึงเลเวล 20 แล้ว!!,ถึงเลเวล 20 ในเกม,th
Level20,Seviye 20 başarıldı!!,Oyunda 20 seviyeye ulaşın,tr-TR
Level25,레벨 25 달성!!,게임에서 레벨 25에 도달하세요,ko-KR
Level25,レベル25達成!!,ゲームでレベル25に到達,ja-JP
Level25,达到25级!!,在游戏中达到25级,zh-CN
Level25,達成25級!!,在遊戲中達到25級,zh-TW
Level25,達成25級!!,在遊戲中達到25級,zh-HK
Level25,Niveau 25 atteint !!,Atteignez le niveau 25 dans le jeu,fr-FR
Level25,Niveau 25 atteint !!,Atteignez le niveau 25 dans le jeu,fr-CA
Level25,¡Nivel 25 alcanzado!,Alcanza el nivel 25 en el juego,es-ES
Level25,¡Nivel 25 alcanzado!,Alcanza el nivel 25 en el juego,es-US
Level25,Livello 25 raggiunto!!,Raggiungi il livello 25 nel gioco,it-IT
Level25,Level 25 erreicht!!,Erreiche Level 25 im Spiel,de-DE
Level25,Nível 25 alcançado!!,Alcance o nível 25 no jogo,pt-BR
Level25,Nível 25 alcançado!!,Alcance o nível 25 no jogo,pt-PT
Level25,Уровень 25 достигнут!!,Достигните уровня 25 в игре,ru-RU
Level25,Level 25 tercapai!!,Capai level 25 dalam permainan,id
Level25,Đạt cấp 25!!,Đạt cấp 25 trong trò chơi,vi
Level25,ถึงเลเวล 25 แล้ว!!,ถึงเลเวล 25 ในเกม,th
Level25,Seviye 25 başarıldı!!,Oyunda 25 seviyeye ulaşın,tr-TR
Level30,레벨 30 달성!!,게임에서 레벨 30에 도달하세요,ko-KR
Level30,レベル30達成!!,ゲームでレベル30に到達,ja-JP
Level30,达到30级!!,在游戏中达到30级,zh-CN
Level30,達成30級!!,在遊戲中達到30級,zh-TW
Level30,達成30級!!,在遊戲中達到30級,zh-HK
Level30,Niveau 30 atteint !!,Atteignez le niveau 30 dans le jeu,fr-FR
Level30,Niveau 30 atteint !!,Atteignez le niveau 30 dans le jeu,fr-CA
Level30,¡Nivel 30 alcanzado!,Alcanza el nivel 30 en el juego,es-ES
Level30,¡Nivel 30 alcanzado!,Alcanza el nivel 30 en el juego,es-US
Level30,Livello 30 raggiunto!!,Raggiungi il livello 30 nel gioco,it-IT
Level30,Level 30 erreicht!!,Erreiche Level 30 im Spiel,de-DE
Level30,Nível 30 alcançado!!,Alcance o nível 30 no jogo,pt-BR
Level30,Nível 30 alcançado!!,Alcance o nível 30 no jogo,pt-PT
Level30,Уровень 30 достигнут!!,Достигните уровня 30 в игре,ru-RU
Level30,Level 30 tercapai!!,Capai level 30 dalam permainan,id
Level30,Đạt cấp 30!!,Đạt cấp 30 trong trò chơi,vi
Level30,ถึงเลเวล 30 แล้ว!!,ถึงเลเวล 30 ในเกม,th
Level30,Seviye 30 başarıldı!!,Oyunda 30 seviyeye ulaşın,tr-TR
Level35,레벨 35 달성!!,게임에서 레벨 35에 도달하세요,ko-KR
Level35,レベル35達成!!,ゲームでレベル35に到達,ja-JP
Level35,达到35级!!,在游戏中达到35级,zh-CN
Level35,達成35級!!,在遊戲中達到35級,zh-TW
Level35,達成35級!!,在遊戲中達到35級,zh-HK
Level35,Niveau 35 atteint !!,Atteignez le niveau 35 dans le jeu,fr-FR
Level35,Niveau 35 atteint !!,Atteignez le niveau 35 dans le jeu,fr-CA
Level35,¡Nivel 35 alcanzado!,Alcanza el nivel 35 en el juego,es-ES
Level35,¡Nivel 35 alcanzado!,Alcanza el nivel 35 en el juego,es-US
Level35,Livello 35 raggiunto!!,Raggiungi il livello 35 nel gioco,it-IT
Level35,Level 35 erreicht!!,Erreiche Level 35 im Spiel,de-DE
Level35,Nível 35 alcançado!!,Alcance o nível 35 no jogo,pt-BR
Level35,Nível 35 alcançado!!,Alcance o nível 35 no jogo,pt-PT
Level35,Уровень 35 достигнут!!,Достигните уровня 35 в игре,ru-RU
Level35,Level 35 tercapai!!,Capai level 35 dalam permainan,id
Level35,Đạt cấp 35!!,Đạt cấp 35 trong trò chơi,vi
Level35,ถึงเลเวล 35 แล้ว!!,ถึงเลเวล 35 ในเกม,th
Level35,Seviye 35 başarıldı!!,Oyunda 35 seviyeye ulaşın,tr-TR
Level40,레벨 40 달성!!,게임에서 레벨 40에 도달하세요,ko-KR
Level40,レベル40達成!!,ゲームでレベル40に到達,ja-JP
Level40,达到40级!!,在游戏中达到40级,zh-CN
Level40,達成40級!!,在遊戲中達到40級,zh-TW
Level40,達成40級!!,在遊戲中達到40級,zh-HK
Level40,Niveau 40 atteint !!,Atteignez le niveau 40 dans le jeu,fr-FR
Level40,Niveau 40 atteint !!,Atteignez le niveau 40 dans le jeu,fr-CA
Level40,¡Nivel 40 alcanzado!,Alcanza el nivel 40 en el juego,es-ES
Level40,¡Nivel 40 alcanzado!,Alcanza el nivel 40 en el juego,es-US
Level40,Livello 40 raggiunto!!,Raggiungi il livello 40 nel gioco,it-IT
Level40,Level 40 erreicht!!,Erreiche Level 40 im Spiel,de-DE
Level40,Nível 40 alcançado!!,Alcance o nível 40 no jogo,pt-BR
Level40,Nível 40 alcançado!!,Alcance o nível 40 no jogo,pt-PT
Level40,Уровень 40 достигнут!!,Достигните уровня 40 в игре,ru-RU
Level40,Level 40 tercapai!!,Capai level 40 dalam permainan,id
Level40,Đạt cấp 40!!,Đạt cấp 40 trong trò chơi,vi
Level40,ถึงเลเวล 40 แล้ว!!,ถึงเลเวล 40 ในเกม,th
Level40,Seviye 40 başarıldı!!,Oyunda 40 seviyeye ulaşın,tr-TR
Level45,레벨 45 달성!!,게임에서 레벨 45에 도달하세요,ko-KR
Level45,レベル45達成!!,ゲームでレベル45に到達,ja-JP
Level45,达到45级!!,在游戏中达到45级,zh-CN
Level45,達成45級!!,在遊戲中達到45級,zh-TW
Level45,達成45級!!,在遊戲中達到45級,zh-HK
Level45,Niveau 45 atteint !!,Atteignez le niveau 45 dans le jeu,fr-FR
Level45,Niveau 45 atteint !!,Atteignez le niveau 45 dans le jeu,fr-CA
Level45,¡Nivel 45 alcanzado!,Alcanza el nivel 45 en el juego,es-ES
Level45,¡Nivel 45 alcanzado!,Alcanza el nivel 45 en el juego,es-US
Level45,Livello 45 raggiunto!!,Raggiungi il livello 45 nel gioco,it-IT
Level45,Level 45 erreicht!!,Erreiche Level 45 im Spiel,de-DE
Level45,Nível 45 alcançado!!,Alcance o nível 45 no jogo,pt-BR
Level45,Nível 45 alcançado!!,Alcance o nível 45 no jogo,pt-PT
Level45,Уровень 45 достигнут!!,Достигните уровня 45 в игре,ru-RU
Level45,Level 45 tercapai!!,Capai level 45 dalam permainan,id
Level45,Đạt cấp 45!!,Đạt cấp 45 trong trò chơi,vi
Level45,ถึงเลเวล 45 แล้ว!!,ถึงเลเวล 45 ในเกม,th
Level45,Seviye 45 başarıldı!!,Oyunda 45 seviyeye ulaşın,tr-TR
Level50,레벨 50 달성!!,게임에서 레벨 50에 도달하세요,ko-KR
Level50,レベル50達成!!,ゲームでレベル50に到達,ja-JP
Level50,达到50级!!,在游戏中达到50级,zh-CN
Level50,達成50級!!,在遊戲中達到50級,zh-TW
Level50,達成50級!!,在遊戲中達到50級,zh-HK
Level50,Niveau 50 atteint !!,Atteignez le niveau 50 dans le jeu,fr-FR
Level50,Niveau 50 atteint !!,Atteignez le niveau 50 dans le jeu,fr-CA
Level50,¡Nivel 50 alcanzado!,Alcanza el nivel 50 en el juego,es-ES
Level50,¡Nivel 50 alcanzado!,Alcanza el nivel 50 en el juego,es-US
Level50,Livello 50 raggiunto!!,Raggiungi il livello 50 nel gioco,it-IT
Level50,Level 50 erreicht!!,Erreiche Level 50 im Spiel,de-DE
Level50,Nível 50 alcançado!!,Alcance o nível 50 no jogo,pt-BR
Level50,Nível 50 alcançado!!,Alcance o nível 50 no jogo,pt-PT
Level50,Уровень 50 достигнут!!,Достигните уровня 50 в игре,ru-RU
Level50,Level 50 tercapai!!,Capai level 50 dalam permainan,id
Level50,Đạt cấp 50!!,Đạt cấp 50 trong trò chơi,vi
Level50,ถึงเลเวล 50 แล้ว!!,ถึงเลเวล 50 ในเกม,th
Level50,Seviye 50 başarıldı!!,Oyunda 50 seviyeye ulaşın,tr-TR
Level55,레벨 55 달성!!,게임에서 레벨 55에 도달하세요,ko-KR
Level55,レベル55達成!!,ゲームでレベル55に到達,ja-JP
Level55,达到55级!!,在游戏中达到55级,zh-CN
Level55,達成55級!!,在遊戲中達到55級,zh-TW
Level55,達成55級!!,在遊戲中達到55級,zh-HK
Level55,Niveau 55 atteint !!,Atteignez le niveau 55 dans le jeu,fr-FR
Level55,Niveau 55 atteint !!,Atteignez le niveau 55 dans le jeu,fr-CA
Level55,¡Nivel 55 alcanzado!,Alcanza el nivel 55 en el juego,es-ES
Level55,¡Nivel 55 alcanzado!,Alcanza el nivel 55 en el juego,es-US
Level55,Livello 55 raggiunto!!,Raggiungi il livello 55 nel gioco,it-IT
Level55,Level 55 erreicht!!,Erreiche Level 55 im Spiel,de-DE
Level55,Nível 55 alcançado!!,Alcance o nível 55 no jogo,pt-BR
Level55,Nível 55 alcançado!!,Alcance o nível 55 no jogo,pt-PT
Level55,Уровень 55 достигнут!!,Достигните уровня 55 в игре,ru-RU
Level55,Level 55 tercapai!!,Capai level 55 dalam permainan,id
Level55,Đạt cấp 55!!,Đạt cấp 55 trong trò chơi,vi
Level55,ถึงเลเวล 55 แล้ว!!,ถึงเลเวล 55 ในเกม,th
Level55,Seviye 55 başarıldı!!,Oyunda 55 seviyeye ulaşın,tr-TR
Level60,레벨 60 달성!!,게임에서 레벨 60에 도달하세요,ko-KR
Level60,レベル60達成!!,ゲームでレベル60に到達,ja-JP
Level60,达到60级!!,在游戏中达到60级,zh-CN
Level60,達成60級!!,在遊戲中達到60級,zh-TW
Level60,達成60級!!,在遊戲中達到60級,zh-HK
Level60,Niveau 60 atteint !!,Atteignez le niveau 60 dans le jeu,fr-FR
Level60,Niveau 60 atteint !!,Atteignez le niveau 60 dans le jeu,fr-CA
Level60,¡Nivel 60 alcanzado!,Alcanza el nivel 60 en el juego,es-ES
Level60,¡Nivel 60 alcanzado!,Alcanza el nivel 60 en el juego,es-US
Level60,Livello 60 raggiunto!!,Raggiungi il livello 60 nel gioco,it-IT
Level60,Level 60 erreicht!!,Erreiche Level 60 im Spiel,de-DE
Level60,Nível 60 alcançado!!,Alcance o nível 60 no jogo,pt-BR
Level60,Nível 60 alcançado!!,Alcance o nível 60 no jogo,pt-PT
Level60,Уровень 60 достигнут!!,Достигните уровня 60 в игре,ru-RU
Level60,Level 60 tercapai!!,Capai level 60 dalam permainan,id
Level60,Đạt cấp 60!!,Đạt cấp 60 trong trò chơi,vi
Level60,ถึงเลเวล 60 แล้ว!!,ถึงเลเวล 60 ในเกม,th
Level60,Seviye 60 başarıldı!!,Oyunda 60 seviyeye ulaşın,tr-TR
Level65,레벨 65 달성!!,게임에서 레벨 65에 도달하세요,ko-KR
Level65,レベル65達成!!,ゲームでレベル65に到達,ja-JP
Level65,达到65级!!,在游戏中达到65级,zh-CN
Level65,達成65級!!,在遊戲中達到65級,zh-TW
Level65,達成65級!!,在遊戲中達到65級,zh-HK
Level65,Niveau 65 atteint !!,Atteignez le niveau 65 dans le jeu,fr-FR
Level65,Niveau 65 atteint !!,Atteignez le niveau 65 dans le jeu,fr-CA
Level65,¡Nivel 65 alcanzado!,Alcanza el nivel 65 en el juego,es-ES
Level65,¡Nivel 65 alcanzado!,Alcanza el nivel 65 en el juego,es-US
Level65,Livello 65 raggiunto!!,Raggiungi il livello 65 nel gioco,it-IT
Level65,Level 65 erreicht!!,Erreiche Level 65 im Spiel,de-DE
Level65,Nível 65 alcançado!!,Alcance o nível 65 no jogo,pt-BR
Level65,Nível 65 alcançado!!,Alcance o nível 65 no jogo,pt-PT
Level65,Уровень 65 достигнут!!,Достигните уровня 65 в игре,ru-RU
Level65,Level 65 tercapai!!,Capai level 65 dalam permainan,id
Level65,Đạt cấp 65!!,Đạt cấp 65 trong trò chơi,vi
Level65,ถึงเลเวล 65 แล้ว!!,ถึงเลเวล 65 ในเกม,th
Level65,Seviye 65 başarıldı!!,Oyunda 65 seviyeye ulaşın,tr-TR
Level70,레벨 70 달성!!,게임에서 레벨 70에 도달하세요,ko-KR
Level70,レベル70達成!!,ゲームでレベル70に到達,ja-JP
Level70,达到70级!!,在游戏中达到70级,zh-CN
Level70,達成70級!!,在遊戲中達到70級,zh-TW
Level70,達成70級!!,在遊戲中達到70級,zh-HK
Level70,Niveau 70 atteint !!,Atteignez le niveau 70 dans le jeu,fr-FR
Level70,Niveau 70 atteint !!,Atteignez le niveau 70 dans le jeu,fr-CA
Level70,¡Nivel 70 alcanzado!,Alcanza el nivel 70 en el juego,es-ES
Level70,¡Nivel 70 alcanzado!,Alcanza el nivel 70 en el juego,es-US
Level70,Livello 70 raggiunto!!,Raggiungi il livello 70 nel gioco,it-IT
Level70,Level 70 erreicht!!,Erreiche Level 70 im Spiel,de-DE
Level70,Nível 70 alcançado!!,Alcance o nível 70 no jogo,pt-BR
Level70,Nível 70 alcançado!!,Alcance o nível 70 no jogo,pt-PT
Level70,Уровень 70 достигнут!!,Достигните уровня 70 в игре,ru-RU
Level70,Level 70 tercapai!!,Capai level 70 dalam permainan,id
Level70,Đạt cấp 70!!,Đạt cấp 70 trong trò chơi,vi
Level70,ถึงเลเวล 70 แล้ว!!,ถึงเลเวล 70 ในเกม,th
Level70,Seviye 70 başarıldı!!,Oyunda 70 seviyeye ulaşın,tr-TR
Level75,레벨 75 달성!!,게임에서 레벨 75에 도달하세요,ko-KR
Level75,レベル75達成!!,ゲームでレベル75に到達,ja-JP
Level75,达到75级!!,在游戏中达到75级,zh-CN
Level75,達成75級!!,在遊戲中達到75級,zh-TW
Level75,達成75級!!,在遊戲中達到75級,zh-HK
Level75,Niveau 75 atteint !!,Atteignez le niveau 75 dans le jeu,fr-FR
Level75,Niveau 75 atteint !!,Atteignez le niveau 75 dans le jeu,fr-CA
Level75,¡Nivel 75 alcanzado!,Alcanza el nivel 75 en el juego,es-ES
Level75,¡Nivel 75 alcanzado!,Alcanza el nivel 75 en el juego,es-US
Level75,Livello 75 raggiunto!!,Raggiungi il livello 75 nel gioco,it-IT
Level75,Level 75 erreicht!!,Erreiche Level 75 im Spiel,de-DE
Level75,Nível 75 alcançado!!,Alcance o nível 75 no jogo,pt-BR
Level75,Nível 75 alcançado!!,Alcance o nível 75 no jogo,pt-PT
Level75,Уровень 75 достигнут!!,Достигните уровня 75 в игре,ru-RU
Level75,Level 75 tercapai!!,Capai level 75 dalam permainan,id
Level75,Đạt cấp 75!!,Đạt cấp 75 trong trò chơi,vi
Level75,ถึงเลเวล 75 แล้ว!!,ถึงเลเวล 75 ในเกม,th
Level75,Seviye 75 başarıldı!!,Oyunda 75 seviyeye ulaşın,tr-TR
Level80,레벨 80 달성!!,게임에서 레벨 80에 도달하세요,ko-KR
Level80,レベル80達成!!,ゲームでレベル80に到達,ja-JP
Level80,达到80级!!,在游戏中达到80级,zh-CN
Level80,達成80級!!,在遊戲中達到80級,zh-TW
Level80,達成80級!!,在遊戲中達到80級,zh-HK
Level80,Niveau 80 atteint !!,Atteignez le niveau 80 dans le jeu,fr-FR
Level80,Niveau 80 atteint !!,Atteignez le niveau 80 dans le jeu,fr-CA
Level80,¡Nivel 80 alcanzado!,Alcanza el nivel 80 en el juego,es-ES
Level80,¡Nivel 80 alcanzado!,Alcanza el nivel 80 en el juego,es-US
Level80,Livello 80 raggiunto!!,Raggiungi il livello 80 nel gioco,it-IT
Level80,Level 80 erreicht!!,Erreiche Level 80 im Spiel,de-DE
Level80,Nível 80 alcançado!!,Alcance o nível 80 no jogo,pt-BR
Level80,Nível 80 alcançado!!,Alcance o nível 80 no jogo,pt-PT
Level80,Уровень 80 достигнут!!,Достигните уровня 80 в игре,ru-RU
Level80,Level 80 tercapai!!,Capai level 80 dalam permainan,id
Level80,Đạt cấp 80!!,Đạt cấp 80 trong trò chơi,vi
Level80,ถึงเลเวล 80 แล้ว!!,ถึงเลเวล 80 ในเกม,th
Level80,Seviye 80 başarıldı!!,Oyunda 80 seviyeye ulaşın,tr-TR
Level85,레벨 85 달성!!,게임에서 레벨 85에 도달하세요,ko-KR
Level85,レベル85達成!!,ゲームでレベル85に到達,ja-JP
Level85,达到85级!!,在游戏中达到85级,zh-CN
Level85,達成85級!!,在遊戲中達到85級,zh-TW
Level85,達成85級!!,在遊戲中達到85級,zh-HK
Level85,Niveau 85 atteint !!,Atteignez le niveau 85 dans le jeu,fr-FR
Level85,Niveau 85 atteint !!,Atteignez le niveau 85 dans le jeu,fr-CA
Level85,¡Nivel 85 alcanzado!,Alcanza el nivel 85 en el juego,es-ES
Level85,¡Nivel 85 alcanzado!,Alcanza el nivel 85 en el juego,es-US
Level85,Livello 85 raggiunto!!,Raggiungi il livello 85 nel gioco,it-IT
Level85,Level 85 erreicht!!,Erreiche Level 85 im Spiel,de-DE
Level85,Nível 85 alcançado!!,Alcance o nível 85 no jogo,pt-BR
Level85,Nível 85 alcançado!!,Alcance o nível 85 no jogo,pt-PT
Level85,Уровень 85 достигнут!!,Достигните уровня 85 в игре,ru-RU
Level85,Level 85 tercapai!!,Capai level 85 dalam permainan,id
Level85,Đạt cấp 85!!,Đạt cấp 85 trong trò chơi,vi
Level85,ถึงเลเวล 85 แล้ว!!,ถึงเลเวล 85 ในเกม,th
Level85,Seviye 85 başarıldı!!,Oyunda 85 seviyeye ulaşın,tr-TR
Level90,레벨 90 달성!!,게임에서 레벨 90에 도달하세요,ko-KR
Level90,レベル90達成!!,ゲームでレベル90に到達,ja-JP
Level90,达到90级!!,在游戏中达到90级,zh-CN
Level90,達成90級!!,在遊戲中達到90級,zh-TW
Level90,達成90級!!,在遊戲中達到90級,zh-HK
Level90,Niveau 90 atteint !!,Atteignez le niveau 90 dans le jeu,fr-FR
Level90,Niveau 90 atteint !!,Atteignez le niveau 90 dans le jeu,fr-CA
Level90,¡Nivel 90 alcanzado!,Alcanza el nivel 90 en el juego,es-ES
Level90,¡Nivel 90 alcanzado!,Alcanza el nivel 90 en el juego,es-US
Level90,Livello 90 raggiunto!!,Raggiungi il livello 90 nel gioco,it-IT
Level90,Level 90 erreicht!!,Erreiche Level 90 im Spiel,de-DE
Level90,Nível 90 alcançado!!,Alcance o nível 90 no jogo,pt-BR
Level90,Nível 90 alcançado!!,Alcance o nível 90 no jogo,pt-PT
Level90,Уровень 90 достигнут!!,Достигните уровня 90 в игре,ru-RU
Level90,Level 90 tercapai!!,Capai level 90 dalam permainan,id
Level90,Đạt cấp 90!!,Đạt cấp 90 trong trò chơi,vi
Level90,ถึงเลเวล 90 แล้ว!!,ถึงเลเวล 90 ในเกม,th
Level90,Seviye 90 başarıldı!!,Oyunda 90 seviyeye ulaşın,tr-TR
Level95,레벨 95 달성!!,게임에서 레벨 95에 도달하세요,ko-KR
Level95,レベル95達成!!,ゲームでレベル95に到達,ja-JP
Level95,达到95级!!,在游戏中达到95级,zh-CN
Level95,達成95級!!,在遊戲中達到95級,zh-TW
Level95,達成95級!!,在遊戲中達到95級,zh-HK
Level95,Niveau 95 atteint !!,Atteignez le niveau 95 dans le jeu,fr-FR
Level95,Niveau 95 atteint !!,Atteignez le niveau 95 dans le jeu,fr-CA
Level95,¡Nivel 95 alcanzado!,Alcanza el nivel 95 en el juego,es-ES
Level95,¡Nivel 95 alcanzado!,Alcanza el nivel 95 en el juego,es-US
Level95,Livello 95 raggiunto!!,Raggiungi il livello 95 nel gioco,it-IT
Level95,Level 95 erreicht!!,Erreiche Level 95 im Spiel,de-DE
Level95,Nível 95 alcançado!!,Alcance o nível 95 no jogo,pt-BR
Level95,Nível 95 alcançado!!,Alcance o nível 95 no jogo,pt-PT
Level95,Уровень 95 достигнут!!,Достигните уровня 95 в игре,ru-RU
Level95,Level 95 tercapai!!,Capai level 95 dalam permainan,id
Level95,Đạt cấp 95!!,Đạt cấp 95 trong trò chơi,vi
Level95,ถึงเลเวล 95 แล้ว!!,ถึงเลเวล 95 ในเกม,th
Level95,Seviye 95 başarıldı!!,Oyunda 95 seviyeye ulaşın,tr-TR
Level100,레벨 100 달성!!,게임에서 레벨 100에 도달하세요,ko-KR
Level100,レベル100達成!!,ゲームでレベル100に到達,ja-JP
Level100,达到100级!!,在游戏中达到100级,zh-CN
Level100,達成100級!!,在遊戲中達到100級,zh-TW
Level100,達成100級!!,在遊戲中達到100級,zh-HK
Level100,Niveau 100 atteint !!,Atteignez le niveau 100 dans le jeu,fr-FR
Level100,Niveau 100 atteint !!,Atteignez le niveau 100 dans le jeu,fr-CA
Level100,¡Nivel 100 alcanzado!,Alcanza el nivel 100 en el juego,es-ES
Level100,¡Nivel 100 alcanzado!,Alcanza el nivel 100 en el juego,es-US
Level100,Livello 100 raggiunto!!,Raggiungi il livello 100 nel gioco,it-IT
Level100,Level 100 erreicht!!,Erreiche Level 100 im Spiel,de-DE
Level100,Nível 100 alcançado!!,Alcance o nível 100 no jogo,pt-BR
Level100,Nível 100 alcançado!!,Alcance o nível 100 no jogo,pt-PT
Level100,Уровень 100 достигнут!!,Достигните уровня 100 в игре,ru-RU
Level100,Level 100 tercapai!!,Capai level 100 dalam permainan,id
Level100,Đạt cấp 100!!,Đạt cấp 100 trong trò chơi,vi
Level100,ถึงเลเวล 100 แล้ว!!,ถึงเลเวล 100 ในเกม,th
Level100,Seviye 100 başarıldı!!,Oyunda 100 seviyeye ulaşın,tr-TR
Level105,레벨 105 달성!!,게임에서 레벨 105에 도달하세요,ko-KR
Level105,レベル105達成!!,ゲームでレベル105に到達,ja-JP
Level105,达到105级!!,在游戏中达到105级,zh-CN
Level105,達成105級!!,在遊戲中達到105級,zh-TW
Level105,達成105級!!,在遊戲中達到105級,zh-HK
Level105,Niveau 105 atteint !!,Atteignez le niveau 105 dans le jeu,fr-FR
Level105,Niveau 105 atteint !!,Atteignez le niveau 105 dans le jeu,fr-CA
Level105,¡Nivel 105 alcanzado!,Alcanza el nivel 105 en el juego,es-ES
Level105,¡Nivel 105 alcanzado!,Alcanza el nivel 105 en el juego,es-US
Level105,Livello 105 raggiunto!!,Raggiungi il livello 105 nel gioco,it-IT
Level105,Level 105 erreicht!!,Erreiche Level 105 im Spiel,de-DE
Level105,Nível 105 alcançado!!,Alcance o nível 105 no jogo,pt-BR
Level105,Nível 105 alcançado!!,Alcance o nível 105 no jogo,pt-PT
Level105,Уровень 105 достигнут!!,Достигните уровня 105 в игре,ru-RU
Level105,Level 105 tercapai!!,Capai level 105 dalam permainan,id
Level105,Đạt cấp 105!!,Đạt cấp 105 trong trò chơi,vi
Level105,ถึงเลเวล 105 แล้ว!!,ถึงเลเวล 105 ในเกม,th
Level105,Seviye 105 başarıldı!!,Oyunda 105 seviyeye ulaşın,tr-TR
Level110,레벨 110 달성!!,게임에서 레벨 110에 도달하세요,ko-KR
Level110,レベル110達成!!,ゲームでレベル110に到達,ja-JP
Level110,达到110级!!,在游戏中达到110级,zh-CN
Level110,達成110級!!,在遊戲中達到110級,zh-TW
Level110,達成110級!!,在遊戲中達到110級,zh-HK
Level110,Niveau 110 atteint !!,Atteignez le niveau 110 dans le jeu,fr-FR
Level110,Niveau 110 atteint !!,Atteignez le niveau 110 dans le jeu,fr-CA
Level110,¡Nivel 110 alcanzado!,Alcanza el nivel 110 en el juego,es-ES
Level110,¡Nivel 110 alcanzado!,Alcanza el nivel 110 en el juego,es-US
Level110,Livello 110 raggiunto!!,Raggiungi il livello 110 nel gioco,it-IT
Level110,Level 110 erreicht!!,Erreiche Level 110 im Spiel,de-DE
Level110,Nível 110 alcançado!!,Alcance o nível 110 no jogo,pt-BR
Level110,Nível 110 alcançado!!,Alcance o nível 110 no jogo,pt-PT
Level110,Уровень 110 достигнут!!,Достигните уровня 110 в игре,ru-RU
Level110,Level 110 tercapai!!,Capai level 110 dalam permainan,id
Level110,Đạt cấp 110!!,Đạt cấp 110 trong trò chơi,vi
Level110,ถึงเลเวล 110 แล้ว!!,ถึงเลเวล 110 ในเกม,th
Level110,Seviye 110 başarıldı!!,Oyunda 110 seviyeye ulaşın,tr-TR
Level115,레벨 115 달성!!,게임에서 레벨 115에 도달하세요,ko-KR
Level115,レベル115達成!!,ゲームでレベル115に到達,ja-JP
Level115,达到115级!!,在游戏中达到115级,zh-CN
Level115,達成115級!!,在遊戲中達到115級,zh-TW
Level115,達成115級!!,在遊戲中達到115級,zh-HK
Level115,Niveau 115 atteint !!,Atteignez le niveau 115 dans le jeu,fr-FR
Level115,Niveau 115 atteint !!,Atteignez le niveau 115 dans le jeu,fr-CA
Level115,¡Nivel 115 alcanzado!,Alcanza el nivel 115 en el juego,es-ES
Level115,¡Nivel 115 alcanzado!,Alcanza el nivel 115 en el juego,es-US
Level115,Livello 115 raggiunto!!,Raggiungi il livello 115 nel gioco,it-IT
Level115,Level 115 erreicht!!,Erreiche Level 115 im Spiel,de-DE
Level115,Nível 115 alcançado!!,Alcance o nível 115 no jogo,pt-BR
Level115,Nível 115 alcançado!!,Alcance o nível 115 no jogo,pt-PT
Level115,Уровень 115 достигнут!!,Достигните уровня 115 в игре,ru-RU
Level115,Level 115 tercapai!!,Capai level 115 dalam permainan,id
Level115,Đạt cấp 115!!,Đạt cấp 115 trong trò chơi,vi
Level115,ถึงเลเวล 115 แล้ว!!,ถึงเลเวล 115 ในเกม,th
Level115,Seviye 115 başarıldı!!,Oyunda 115 seviyeye ulaşın,tr-TR
Level120,레벨 120 달성!!,게임에서 레벨 120에 도달하세요,ko-KR
Level120,レベル120達成!!,ゲームでレベル120に到達,ja-JP
Level120,达到120级!!,在游戏中达到120级,zh-CN
Level120,達成120級!!,在遊戲中達到120級,zh-TW
Level120,達成120級!!,在遊戲中達到120級,zh-HK
Level120,Niveau 120 atteint !!,Atteignez le niveau 120 dans le jeu,fr-FR
Level120,Niveau 120 atteint !!,Atteignez le niveau 120 dans le jeu,fr-CA
Level120,¡Nivel 120 alcanzado!,Alcanza el nivel 120 en el juego,es-ES
Level120,¡Nivel 120 alcanzado!,Alcanza el nivel 120 en el juego,es-US
Level120,Livello 120 raggiunto!!,Raggiungi il livello 120 nel gioco,it-IT
Level120,Level 120 erreicht!!,Erreiche Level 120 im Spiel,de-DE
Level120,Nível 120 alcançado!!,Alcance o nível 120 no jogo,pt-BR
Level120,Nível 120 alcançado!!,Alcance o nível 120 no jogo,pt-PT
Level120,Уровень 120 достигнут!!,Достигните уровня 120 в игре,ru-RU
Level120,Level 120 tercapai!!,Capai level 120 dalam permainan,id
Level120,Đạt cấp 120!!,Đạt cấp 120 trong trò chơi,vi
Level120,ถึงเลเวล 120 แล้ว!!,ถึงเลเวล 120 ในเกม,th
Level120,Seviye 120 başarıldı!!,Oyunda 120 seviyeye ulaşın,tr-TR
Level125,레벨 125 달성!!,게임에서 레벨 125에 도달하세요,ko-KR
Level125,レベル125達成!!,ゲームでレベル125に到達,ja-JP
Level125,达到125级!!,在游戏中达到125级,zh-CN
Level125,達成125級!!,在遊戲中達到125級,zh-TW
Level125,達成125級!!,在遊戲中達到125級,zh-HK
Level125,Niveau 125 atteint !!,Atteignez le niveau 125 dans le jeu,fr-FR
Level125,Niveau 125 atteint !!,Atteignez le niveau 125 dans le jeu,fr-CA
Level125,¡Nivel 125 alcanzado!,Alcanza el nivel 125 en el juego,es-ES
Level125,¡Nivel 125 alcanzado!,Alcanza el nivel 125 en el juego,es-US
Level125,Livello 125 raggiunto!!,Raggiungi il livello 125 nel gioco,it-IT
Level125,Level 125 erreicht!!,Erreiche Level 125 im Spiel,de-DE
Level125,Nível 125 alcançado!!,Alcance o nível 125 no jogo,pt-BR
Level125,Nível 125 alcançado!!,Alcance o nível 125 no jogo,pt-PT
Level125,Уровень 125 достигнут!!,Достигните уровня 125 в игре,ru-RU
Level125,Level 125 tercapai!!,Capai level 125 dalam permainan,id
Level125,Đạt cấp 125!!,Đạt cấp 125 trong trò chơi,vi
Level125,ถึงเลเวล 125 แล้ว!!,ถึงเลเวล 125 ในเกม,th
Level125,Seviye 125 başarıldı!!,Oyunda 125 seviyeye ulaşın,tr-TR
Level130,레벨 130 달성!!,게임에서 레벨 130에 도달하세요,ko-KR
Level130,レベル130達成!!,ゲームでレベル130に到達,ja-JP
Level130,达到130级!!,在游戏中达到130级,zh-CN
Level130,達成130級!!,在遊戲中達到130級,zh-TW
Level130,達成130級!!,在遊戲中達到130級,zh-HK
Level130,Niveau 130 atteint !!,Atteignez le niveau 130 dans le jeu,fr-FR
Level130,Niveau 130 atteint !!,Atteignez le niveau 130 dans le jeu,fr-CA
Level130,¡Nivel 130 alcanzado!,Alcanza el nivel 130 en el juego,es-ES
Level130,¡Nivel 130 alcanzado!,Alcanza el nivel 130 en el juego,es-US
Level130,Livello 130 raggiunto!!,Raggiungi il livello 130 nel gioco,it-IT
Level130,Level 130 erreicht!!,Erreiche Level 130 im Spiel,de-DE
Level130,Nível 130 alcançado!!,Alcance o nível 130 no jogo,pt-BR
Level130,Nível 130 alcançado!!,Alcance o nível 130 no jogo,pt-PT
Level130,Уровень 130 достигнут!!,Достигните уровня 130 в игре,ru-RU
Level130,Level 130 tercapai!!,Capai level 130 dalam permainan,id
Level130,Đạt cấp 130!!,Đạt cấp 130 trong trò chơi,vi
Level130,ถึงเลเวล 130 แล้ว!!,ถึงเลเวล 130 ในเกม,th
Level130,Seviye 130 başarıldı!!,Oyunda 130 seviyeye ulaşın,tr-TR
Level135,레벨 135 달성!!,게임에서 레벨 135에 도달하세요,ko-KR
Level135,レベル135達成!!,ゲームでレベル135に到達,ja-JP
Level135,达到135级!!,在游戏中达到135级,zh-CN
Level135,達成135級!!,在遊戲中達到135級,zh-TW
Level135,達成135級!!,在遊戲中達到135級,zh-HK
Level135,Niveau 135 atteint !!,Atteignez le niveau 135 dans le jeu,fr-FR
Level135,Niveau 135 atteint !!,Atteignez le niveau 135 dans le jeu,fr-CA
Level135,¡Nivel 135 alcanzado!,Alcanza el nivel 135 en el juego,es-ES
Level135,¡Nivel 135 alcanzado!,Alcanza el nivel 135 en el juego,es-US
Level135,Livello 135 raggiunto!!,Raggiungi il livello 135 nel gioco,it-IT
Level135,Level 135 erreicht!!,Erreiche Level 135 im Spiel,de-DE
Level135,Nível 135 alcançado!!,Alcance o nível 135 no jogo,pt-BR
Level135,Nível 135 alcançado!!,Alcance o nível 135 no jogo,pt-PT
Level135,Уровень 135 достигнут!!,Достигните уровня 135 в игре,ru-RU
Level135,Level 135 tercapai!!,Capai level 135 dalam permainan,id
Level135,Đạt cấp 135!!,Đạt cấp 135 trong trò chơi,vi
Level135,ถึงเลเวล 135 แล้ว!!,ถึงเลเวล 135 ในเกม,th
Level135,Seviye 135 başarıldı!!,Oyunda 135 seviyeye ulaşın,tr-TR
Level140,레벨 140 달성!!,게임에서 레벨 140에 도달하세요,ko-KR
Level140,レベル140達成!!,ゲームでレベル140に到達,ja-JP
Level140,达到140级!!,在游戏中达到140级,zh-CN
Level140,達成140級!!,在遊戲中達到140級,zh-TW
Level140,達成140級!!,在遊戲中達到140級,zh-HK
Level140,Niveau 140 atteint !!,Atteignez le niveau 140 dans le jeu,fr-FR
Level140,Niveau 140 atteint !!,Atteignez le niveau 140 dans le jeu,fr-CA
Level140,¡Nivel 140 alcanzado!,Alcanza el nivel 140 en el juego,es-ES
Level140,¡Nivel 140 alcanzado!,Alcanza el nivel 140 en el juego,es-US
Level140,Livello 140 raggiunto!!,Raggiungi il livello 140 nel gioco,it-IT
Level140,Level 140 erreicht!!,Erreiche Level 140 im Spiel,de-DE
Level140,Nível 140 alcançado!!,Alcance o nível 140 no jogo,pt-BR
Level140,Nível 140 alcançado!!,Alcance o nível 140 no jogo,pt-PT
Level140,Уровень 140 достигнут!!,Достигните уровня 140 в игре,ru-RU
Level140,Level 140 tercapai!!,Capai level 140 dalam permainan,id
Level140,Đạt cấp 140!!,Đạt cấp 140 trong trò chơi,vi
Level140,ถึงเลเวล 140 แล้ว!!,ถึงเลเวล 140 ในเกม,th
Level140,Seviye 140 başarıldı!!,Oyunda 140 seviyeye ulaşın,tr-TR
Level145,레벨 145 달성!!,게임에서 레벨 145에 도달하세요,ko-KR
Level145,レベル145達成!!,ゲームでレベル145に到達,ja-JP
Level145,达到145级!!,在游戏中达到145级,zh-CN
Level145,達成145級!!,在遊戲中達到145級,zh-TW
Level145,達成145級!!,在遊戲中達到145級,zh-HK
Level145,Niveau 145 atteint !!,Atteignez le niveau 145 dans le jeu,fr-FR
Level145,Niveau 145 atteint !!,Atteignez le niveau 145 dans le jeu,fr-CA
Level145,¡Nivel 145 alcanzado!,Alcanza el nivel 145 en el juego,es-ES
Level145,¡Nivel 145 alcanzado!,Alcanza el nivel 145 en el juego,es-US
Level145,Livello 145 raggiunto!!,Raggiungi il livello 145 nel gioco,it-IT
Level145,Level 145 erreicht!!,Erreiche Level 145 im Spiel,de-DE
Level145,Nível 145 alcançado!!,Alcance o nível 145 no jogo,pt-BR
Level145,Nível 145 alcançado!!,Alcance o nível 145 no jogo,pt-PT
Level145,Уровень 145 достигнут!!,Достигните уровня 145 в игре,ru-RU
Level145,Level 145 tercapai!!,Capai level 145 dalam permainan,id
Level145,Đạt cấp 145!!,Đạt cấp 145 trong trò chơi,vi
Level145,ถึงเลเวล 145 แล้ว!!,ถึงเลเวล 145 ในเกม,th
Level145,Seviye 145 başarıldı!!,Oyunda 145 seviyeye ulaşın,tr-TR
Level150,레벨 150 달성!!,게임에서 레벨 150에 도달하세요,ko-KR
Level150,レベル150達成!!,ゲームでレベル150に到達,ja-JP
Level150,达到150级!!,在游戏中达到150级,zh-CN
Level150,達成150級!!,在遊戲中達到150級,zh-TW
Level150,達成150級!!,在遊戲中達到150級,zh-HK
Level150,Niveau 150 atteint !!,Atteignez le niveau 150 dans le jeu,fr-FR
Level150,Niveau 150 atteint !!,Atteignez le niveau 150 dans le jeu,fr-CA
Level150,¡Nivel 150 alcanzado!,Alcanza el nivel 150 en el juego,es-ES
Level150,¡Nivel 150 alcanzado!,Alcanza el nivel 150 en el juego,es-US
Level150,Livello 150 raggiunto!!,Raggiungi il livello 150 nel gioco,it-IT
Level150,Level 150 erreicht!!,Erreiche Level 150 im Spiel,de-DE
Level150,Nível 150 alcançado!!,Alcance o nível 150 no jogo,pt-BR
Level150,Nível 150 alcançado!!,Alcance o nível 150 no jogo,pt-PT
Level150,Уровень 150 достигнут!!,Достигните уровня 150 в игре,ru-RU
Level150,Level 150 tercapai!!,Capai level 150 dalam permainan,id
Level150,Đạt cấp 150!!,Đạt cấp 150 trong trò chơi,vi
Level150,ถึงเลเวล 150 แล้ว!!,ถึงเลเวล 150 ในเกม,th
Level150,Seviye 150 başarıldı!!,Oyunda 150 seviyeye ulaşın,tr-TR
Level155,레벨 155 달성!!,게임에서 레벨 155에 도달하세요,ko-KR
Level155,レベル155達成!!,ゲームでレベル155に到達,ja-JP
Level155,达到155级!!,在游戏中达到155级,zh-CN
Level155,達成155級!!,在遊戲中達到155級,zh-TW
Level155,達成155級!!,在遊戲中達到155級,zh-HK
Level155,Niveau 155 atteint !!,Atteignez le niveau 155 dans le jeu,fr-FR
Level155,Niveau 155 atteint !!,Atteignez le niveau 155 dans le jeu,fr-CA
Level155,¡Nivel 155 alcanzado!,Alcanza el nivel 155 en el juego,es-ES
Level155,¡Nivel 155 alcanzado!,Alcanza el nivel 155 en el juego,es-US
Level155,Livello 155 raggiunto!!,Raggiungi il livello 155 nel gioco,it-IT
Level155,Level 155 erreicht!!,Erreiche Level 155 im Spiel,de-DE
Level155,Nível 155 alcançado!!,Alcance o nível 155 no jogo,pt-BR
Level155,Nível 155 alcançado!!,Alcance o nível 155 no jogo,pt-PT
Level155,Уровень 155 достигнут!!,Достигните уровня 155 в игре,ru-RU
Level155,Level 155 tercapai!!,Capai level 155 dalam permainan,id
Level155,Đạt cấp 155!!,Đạt cấp 155 trong trò chơi,vi
Level155,ถึงเลเวล 155 แล้ว!!,ถึงเลเวล 155 ในเกม,th
Level155,Seviye 155 başarıldı!!,Oyunda 155 seviyeye ulaşın,tr-TR
Level160,레벨 160 달성!!,게임에서 레벨 160에 도달하세요,ko-KR
Level160,レベル160達成!!,ゲームでレベル160に到達,ja-JP
Level160,达到160级!!,在游戏中达到160级,zh-CN
Level160,達成160級!!,在遊戲中達到160級,zh-TW
Level160,達成160級!!,在遊戲中達到160級,zh-HK
Level160,Niveau 160 atteint !!,Atteignez le niveau 160 dans le jeu,fr-FR
Level160,Niveau 160 atteint !!,Atteignez le niveau 160 dans le jeu,fr-CA
Level160,¡Nivel 160 alcanzado!,Alcanza el nivel 160 en el juego,es-ES
Level160,¡Nivel 160 alcanzado!,Alcanza el nivel 160 en el juego,es-US
Level160,Livello 160 raggiunto!!,Raggiungi il livello 160 nel gioco,it-IT
Level160,Level 160 erreicht!!,Erreiche Level 160 im Spiel,de-DE
Level160,Nível 160 alcançado!!,Alcance o nível 160 no jogo,pt-BR
Level160,Nível 160 alcançado!!,Alcance o nível 160 no jogo,pt-PT
Level160,Уровень 160 достигнут!!,Достигните уровня 160 в игре,ru-RU
Level160,Level 160 tercapai!!,Capai level 160 dalam permainan,id
Level160,Đạt cấp 160!!,Đạt cấp 160 trong trò chơi,vi
Level160,ถึงเลเวล 160 แล้ว!!,ถึงเลเวล 160 ในเกม,th
Level160,Seviye 160 başarıldı!!,Oyunda 160 seviyeye ulaşın,tr-TR
Level165,레벨 165 달성!!,게임에서 레벨 165에 도달하세요,ko-KR
Level165,レベル165達成!!,ゲームでレベル165に到達,ja-JP
Level165,达到165级!!,在游戏中达到165级,zh-CN
Level165,達成165級!!,在遊戲中達到165級,zh-TW
Level165,達成165級!!,在遊戲中達到165級,zh-HK
Level165,Niveau 165 atteint !!,Atteignez le niveau 165 dans le jeu,fr-FR
Level165,Niveau 165 atteint !!,Atteignez le niveau 165 dans le jeu,fr-CA
Level165,¡Nivel 165 alcanzado!,Alcanza el nivel 165 en el juego,es-ES
Level165,¡Nivel 165 alcanzado!,Alcanza el nivel 165 en el juego,es-US
Level165,Livello 165 raggiunto!!,Raggiungi il livello 165 nel gioco,it-IT
Level165,Level 165 erreicht!!,Erreiche Level 165 im Spiel,de-DE
Level165,Nível 165 alcançado!!,Alcance o nível 165 no jogo,pt-BR
Level165,Nível 165 alcançado!!,Alcance o nível 165 no jogo,pt-PT
Level165,Уровень 165 достигнут!!,Достигните уровня 165 в игре,ru-RU
Level165,Level 165 tercapai!!,Capai level 165 dalam permainan,id
Level165,Đạt cấp 165!!,Đạt cấp 165 trong trò chơi,vi
Level165,ถึงเลเวล 165 แล้ว!!,ถึงเลเวล 165 ในเกม,th
Level165,Seviye 165 başarıldı!!,Oyunda 165 seviyeye ulaşın,tr-TR
Level170,레벨 170 달성!!,게임에서 레벨 170에 도달하세요,ko-KR
Level170,レベル170達成!!,ゲームでレベル170に到達,ja-JP
Level170,达到170级!!,在游戏中达到170级,zh-CN
Level170,達成170級!!,在遊戲中達到170級,zh-TW
Level170,達成170級!!,在遊戲中達到170級,zh-HK
Level170,Niveau 170 atteint !!,Atteignez le niveau 170 dans le jeu,fr-FR
Level170,Niveau 170 atteint !!,Atteignez le niveau 170 dans le jeu,fr-CA
Level170,¡Nivel 170 alcanzado!,Alcanza el nivel 170 en el juego,es-ES
Level170,¡Nivel 170 alcanzado!,Alcanza el nivel 170 en el juego,es-US
Level170,Livello 170 raggiunto!!,Raggiungi il livello 170 nel gioco,it-IT
Level170,Level 170 erreicht!!,Erreiche Level 170 im Spiel,de-DE
Level170,Nível 170 alcançado!!,Alcance o nível 170 no jogo,pt-BR
Level170,Nível 170 alcançado!!,Alcance o nível 170 no jogo,pt-PT
Level170,Уровень 170 достигнут!!,Достигните уровня 170 в игре,ru-RU
Level170,Level 170 tercapai!!,Capai level 170 dalam permainan,id
Level170,Đạt cấp 170!!,Đạt cấp 170 trong trò chơi,vi
Level170,ถึงเลเวล 170 แล้ว!!,ถึงเลเวล 170 ในเกม,th
Level170,Seviye 170 başarıldı!!,Oyunda 170 seviyeye ulaşın,tr-TR
Level175,레벨 175 달성!!,게임에서 레벨 175에 도달하세요,ko-KR
Level175,レベル175達成!!,ゲームでレベル175に到達,ja-JP
Level175,达到175级!!,在游戏中达到175级,zh-CN
Level175,達成175級!!,在遊戲中達到175級,zh-TW
Level175,達成175級!!,在遊戲中達到175級,zh-HK
Level175,Niveau 175 atteint !!,Atteignez le niveau 175 dans le jeu,fr-FR
Level175,Niveau 175 atteint !!,Atteignez le niveau 175 dans le jeu,fr-CA
Level175,¡Nivel 175 alcanzado!,Alcanza el nivel 175 en el juego,es-ES
Level175,¡Nivel 175 alcanzado!,Alcanza el nivel 175 en el juego,es-US
Level175,Livello 175 raggiunto!!,Raggiungi il livello 175 nel gioco,it-IT
Level175,Level 175 erreicht!!,Erreiche Level 175 im Spiel,de-DE
Level175,Nível 175 alcançado!!,Alcance o nível 175 no jogo,pt-BR
Level175,Nível 175 alcançado!!,Alcance o nível 175 no jogo,pt-PT
Level175,Уровень 175 достигнут!!,Достигните уровня 175 в игре,ru-RU
Level175,Level 175 tercapai!!,Capai level 175 dalam permainan,id
Level175,Đạt cấp 175!!,Đạt cấp 175 trong trò chơi,vi
Level175,ถึงเลเวล 175 แล้ว!!,ถึงเลเวล 175 ในเกม,th
Level175,Seviye 175 başarıldı!!,Oyunda 175 seviyeye ulaşın,tr-TR
Level180,레벨 180 달성!!,게임에서 레벨 180에 도달하세요,ko-KR
Level180,レベル180達成!!,ゲームでレベル180に到達,ja-JP
Level180,达到180级!!,在游戏中达到180级,zh-CN
Level180,達成180級!!,在遊戲中達到180級,zh-TW
Level180,達成180級!!,在遊戲中達到180級,zh-HK
Level180,Niveau 180 atteint !!,Atteignez le niveau 180 dans le jeu,fr-FR
Level180,Niveau 180 atteint !!,Atteignez le niveau 180 dans le jeu,fr-CA
Level180,¡Nivel 180 alcanzado!,Alcanza el nivel 180 en el juego,es-ES
Level180,¡Nivel 180 alcanzado!,Alcanza el nivel 180 en el juego,es-US
Level180,Livello 180 raggiunto!!,Raggiungi il livello 180 nel gioco,it-IT
Level180,Level 180 erreicht!!,Erreiche Level 180 im Spiel,de-DE
Level180,Nível 180 alcançado!!,Alcance o nível 180 no jogo,pt-BR
Level180,Nível 180 alcançado!!,Alcance o nível 180 no jogo,pt-PT
Level180,Уровень 180 достигнут!!,Достигните уровня 180 в игре,ru-RU
Level180,Level 180 tercapai!!,Capai level 180 dalam permainan,id
Level180,Đạt cấp 180!!,Đạt cấp 180 trong trò chơi,vi
Level180,ถึงเลเวล 180 แล้ว!!,ถึงเลเวล 180 ในเกม,th
Level180,Seviye 180 başarıldı!!,Oyunda 180 seviyeye ulaşın,tr-TR
Level185,레벨 185 달성!!,게임에서 레벨 185에 도달하세요,ko-KR
Level185,レベル185達成!!,ゲームでレベル185に到達,ja-JP
Level185,达到185级!!,在游戏中达到185级,zh-CN
Level185,達成185級!!,在遊戲中達到185級,zh-TW
Level185,達成185級!!,在遊戲中達到185級,zh-HK
Level185,Niveau 185 atteint !!,Atteignez le niveau 185 dans le jeu,fr-FR
Level185,Niveau 185 atteint !!,Atteignez le niveau 185 dans le jeu,fr-CA
Level185,¡Nivel 185 alcanzado!,Alcanza el nivel 185 en el juego,es-ES
Level185,¡Nivel 185 alcanzado!,Alcanza el nivel 185 en el juego,es-US
Level185,Livello 185 raggiunto!!,Raggiungi il livello 185 nel gioco,it-IT
Level185,Level 185 erreicht!!,Erreiche Level 185 im Spiel,de-DE
Level185,Nível 185 alcançado!!,Alcance o nível 185 no jogo,pt-BR
Level185,Nível 185 alcançado!!,Alcance o nível 185 no jogo,pt-PT
Level185,Уровень 185 достигнут!!,Достигните уровня 185 в игре,ru-RU
Level185,Level 185 tercapai!!,Capai level 185 dalam permainan,id
Level185,Đạt cấp 185!!,Đạt cấp 185 trong trò chơi,vi
Level185,ถึงเลเวล 185 แล้ว!!,ถึงเลเวล 185 ในเกม,th
Level185,Seviye 185 başarıldı!!,Oyunda 185 seviyeye ulaşın,tr-TR
Level190,레벨 190 달성!!,게임에서 레벨 190에 도달하세요,ko-KR
Level190,レベル190達成!!,ゲームでレベル190に到達,ja-JP
Level190,达到190级!!,在游戏中达到190级,zh-CN
Level190,達成190級!!,在遊戲中達到190級,zh-TW
Level190,達成190級!!,在遊戲中達到190級,zh-HK
Level190,Niveau 190 atteint !!,Atteignez le niveau 190 dans le jeu,fr-FR
Level190,Niveau 190 atteint !!,Atteignez le niveau 190 dans le jeu,fr-CA
Level190,¡Nivel 190 alcanzado!,Alcanza el nivel 190 en el juego,es-ES
Level190,¡Nivel 190 alcanzado!,Alcanza el nivel 190 en el juego,es-US
Level190,Livello 190 raggiunto!!,Raggiungi il livello 190 nel gioco,it-IT
Level190,Level 190 erreicht!!,Erreiche Level 190 im Spiel,de-DE
Level190,Nível 190 alcançado!!,Alcance o nível 190 no jogo,pt-BR
Level190,Nível 190 alcançado!!,Alcance o nível 190 no jogo,pt-PT
Level190,Уровень 190 достигнут!!,Достигните уровня 190 в игре,ru-RU
Level190,Level 190 tercapai!!,Capai level 190 dalam permainan,id
Level190,Đạt cấp 190!!,Đạt cấp 190 trong trò chơi,vi
Level190,ถึงเลเวล 190 แล้ว!!,ถึงเลเวล 190 ในเกม,th
Level190,Seviye 190 başarıldı!!,Oyunda 190 seviyeye ulaşın,tr-TR
Level195,레벨 195 달성!!,게임에서 레벨 195에 도달하세요,ko-KR
Level195,レベル195達成!!,ゲームでレベル195に到達,ja-JP
Level195,达到195级!!,在游戏中达到195级,zh-CN
Level195,達成195級!!,在遊戲中達到195級,zh-TW
Level195,達成195級!!,在遊戲中達到195級,zh-HK
Level195,Niveau 195 atteint !!,Atteignez le niveau 195 dans le jeu,fr-FR
Level195,Niveau 195 atteint !!,Atteignez le niveau 195 dans le jeu,fr-CA
Level195,¡Nivel 195 alcanzado!,Alcanza el nivel 195 en el juego,es-ES
Level195,¡Nivel 195 alcanzado!,Alcanza el nivel 195 en el juego,es-US
Level195,Livello 195 raggiunto!!,Raggiungi il livello 195 nel gioco,it-IT
Level195,Level 195 erreicht!!,Erreiche Level 195 im Spiel,de-DE
Level195,Nível 195 alcançado!!,Alcance o nível 195 no jogo,pt-BR
Level195,Nível 195 alcançado!!,Alcance o nível 195 no jogo,pt-PT
Level195,Уровень 195 достигнут!!,Достигните уровня 195 в игре,ru-RU
Level195,Level 195 tercapai!!,Capai level 195 dalam permainan,id
Level195,Đạt cấp 195!!,Đạt cấp 195 trong trò chơi,vi
Level195,ถึงเลเวล 195 แล้ว!!,ถึงเลเวล 195 ในเกม,th
Level195,Seviye 195 başarıldı!!,Oyunda 195 seviyeye ulaşın,tr-TR
Level200,레벨 200 달성!!,게임에서 레벨 200에 도달하세요,ko-KR
Level200,レベル200達成!!,ゲームでレベル200に到達,ja-JP
Level200,达到200级!!,在游戏中达到200级,zh-CN
Level200,達成200級!!,在遊戲中達到200級,zh-TW
Level200,達成200級!!,在遊戲中達到200級,zh-HK
Level200,Niveau 200 atteint !!,Atteignez le niveau 200 dans le jeu,fr-FR
Level200,Niveau 200 atteint !!,Atteignez le niveau 200 dans le jeu,fr-CA
Level200,¡Nivel 200 alcanzado!,Alcanza el nivel 200 en el juego,es-ES
Level200,¡Nivel 200 alcanzado!,Alcanza el nivel 200 en el juego,es-US
Level200,Livello 200 raggiunto!!,Raggiungi il livello 200 nel gioco,it-IT
Level200,Level 200 erreicht!!,Erreiche Level 200 im Spiel,de-DE
Level200,Nível 200 alcançado!!,Alcance o nível 200 no jogo,pt-BR
Level200,Nível 200 alcançado!!,Alcance o nível 200 no jogo,pt-PT
Level200,Уровень 200 достигнут!!,Достигните уровня 200 в игре,ru-RU
Level200,Level 200 tercapai!!,Capai level 200 dalam permainan,id
Level200,Đạt cấp 200!!,Đạt cấp 200 trong trò chơi,vi
Level200,ถึงเลเวล 200 แล้ว!!,ถึงเลเวล 200 ในเกม,th
Level200,Seviye 200 başarıldı!!,Oyunda 200 seviyeye ulaşın,tr-TR
Level205,레벨 205 달성!!,게임에서 레벨 205에 도달하세요,ko-KR
Level205,レベル205達成!!,ゲームでレベル205に到達,ja-JP
Level205,达到205级!!,在游戏中达到205级,zh-CN
Level205,達成205級!!,在遊戲中達到205級,zh-TW
Level205,達成205級!!,在遊戲中達到205級,zh-HK
Level205,Niveau 205 atteint !!,Atteignez le niveau 205 dans le jeu,fr-FR
Level205,Niveau 205 atteint !!,Atteignez le niveau 205 dans le jeu,fr-CA
Level205,¡Nivel 205 alcanzado!,Alcanza el nivel 205 en el juego,es-ES
Level205,¡Nivel 205 alcanzado!,Alcanza el nivel 205 en el juego,es-US
Level205,Livello 205 raggiunto!!,Raggiungi il livello 205 nel gioco,it-IT
Level205,Level 205 erreicht!!,Erreiche Level 205 im Spiel,de-DE
Level205,Nível 205 alcançado!!,Alcance o nível 205 no jogo,pt-BR
Level205,Nível 205 alcançado!!,Alcance o nível 205 no jogo,pt-PT
Level205,Уровень 205 достигнут!!,Достигните уровня 205 в игре,ru-RU
Level205,Level 205 tercapai!!,Capai level 205 dalam permainan,id
Level205,Đạt cấp 205!!,Đạt cấp 205 trong trò chơi,vi
Level205,ถึงเลเวล 205 แล้ว!!,ถึงเลเวล 205 ในเกม,th
Level205,Seviye 205 başarıldı!!,Oyunda 205 seviyeye ulaşın,tr-TR
Level210,레벨 210 달성!!,게임에서 레벨 210에 도달하세요,ko-KR
Level210,レベル210達成!!,ゲームでレベル210に到達,ja-JP
Level210,达到210级!!,在游戏中达到210级,zh-CN
Level210,達成210級!!,在遊戲中達到210級,zh-TW
Level210,達成210級!!,在遊戲中達到210級,zh-HK
Level210,Niveau 210 atteint !!,Atteignez le niveau 210 dans le jeu,fr-FR
Level210,Niveau 210 atteint !!,Atteignez le niveau 210 dans le jeu,fr-CA
Level210,¡Nivel 210 alcanzado!,Alcanza el nivel 210 en el juego,es-ES
Level210,¡Nivel 210 alcanzado!,Alcanza el nivel 210 en el juego,es-US
Level210,Livello 210 raggiunto!!,Raggiungi il livello 210 nel gioco,it-IT
Level210,Level 210 erreicht!!,Erreiche Level 210 im Spiel,de-DE
Level210,Nível 210 alcançado!!,Alcance o nível 210 no jogo,pt-BR
Level210,Nível 210 alcançado!!,Alcance o nível 210 no jogo,pt-PT
Level210,Уровень 210 достигнут!!,Достигните уровня 210 в игре,ru-RU
Level210,Level 210 tercapai!!,Capai level 210 dalam permainan,id
Level210,Đạt cấp 210!!,Đạt cấp 210 trong trò chơi,vi
Level210,ถึงเลเวล 210 แล้ว!!,ถึงเลเวล 210 ในเกม,th
Level210,Seviye 210 başarıldı!!,Oyunda 210 seviyeye ulaşın,tr-TR
Level215,레벨 215 달성!!,게임에서 레벨 215에 도달하세요,ko-KR
Level215,レベル215達成!!,ゲームでレベル215に到達,ja-JP
Level215,达到215级!!,在游戏中达到215级,zh-CN
Level215,達成215級!!,在遊戲中達到215級,zh-TW
Level215,達成215級!!,在遊戲中達到215級,zh-HK
Level215,Niveau 215 atteint !!,Atteignez le niveau 215 dans le jeu,fr-FR
Level215,Niveau 215 atteint !!,Atteignez le niveau 215 dans le jeu,fr-CA
Level215,¡Nivel 215 alcanzado!,Alcanza el nivel 215 en el juego,es-ES
Level215,¡Nivel 215 alcanzado!,Alcanza el nivel 215 en el juego,es-US
Level215,Livello 215 raggiunto!!,Raggiungi il livello 215 nel gioco,it-IT
Level215,Level 215 erreicht!!,Erreiche Level 215 im Spiel,de-DE
Level215,Nível 215 alcançado!!,Alcance o nível 215 no jogo,pt-BR
Level215,Nível 215 alcançado!!,Alcance o nível 215 no jogo,pt-PT
Level215,Уровень 215 достигнут!!,Достигните уровня 215 в игре,ru-RU
Level215,Level 215 tercapai!!,Capai level 215 dalam permainan,id
Level215,Đạt cấp 215!!,Đạt cấp 215 trong trò chơi,vi
Level215,ถึงเลเวล 215 แล้ว!!,ถึงเลเวล 215 ในเกม,th
Level215,Seviye 215 başarıldı!!,Oyunda 215 seviyeye ulaşın,tr-TR
Level220,레벨 220 달성!!,게임에서 레벨 220에 도달하세요,ko-KR
Level220,レベル220達成!!,ゲームでレベル220に到達,ja-JP
Level220,达到220级!!,在游戏中达到220级,zh-CN
Level220,達成220級!!,在遊戲中達到220級,zh-TW
Level220,達成220級!!,在遊戲中達到220級,zh-HK
Level220,Niveau 220 atteint !!,Atteignez le niveau 220 dans le jeu,fr-FR
Level220,Niveau 220 atteint !!,Atteignez le niveau 220 dans le jeu,fr-CA
Level220,¡Nivel 220 alcanzado!,Alcanza el nivel 220 en el juego,es-ES
Level220,¡Nivel 220 alcanzado!,Alcanza el nivel 220 en el juego,es-US
Level220,Livello 220 raggiunto!!,Raggiungi il livello 220 nel gioco,it-IT
Level220,Level 220 erreicht!!,Erreiche Level 220 im Spiel,de-DE
Level220,Nível 220 alcançado!!,Alcance o nível 220 no jogo,pt-BR
Level220,Nível 220 alcançado!!,Alcance o nível 220 no jogo,pt-PT
Level220,Уровень 220 достигнут!!,Достигните уровня 220 в игре,ru-RU
Level220,Level 220 tercapai!!,Capai level 220 dalam permainan,id
Level220,Đạt cấp 220!!,Đạt cấp 220 trong trò chơi,vi
Level220,ถึงเลเวล 220 แล้ว!!,ถึงเลเวล 220 ในเกม,th
Level220,Seviye 220 başarıldı!!,Oyunda 220 seviyeye ulaşın,tr-TR
Level225,레벨 225 달성!!,게임에서 레벨 225에 도달하세요,ko-KR
Level225,レベル225達成!!,ゲームでレベル225に到達,ja-JP
Level225,达到225级!!,在游戏中达到225级,zh-CN
Level225,達成225級!!,在遊戲中達到225級,zh-TW
Level225,達成225級!!,在遊戲中達到225級,zh-HK
Level225,Niveau 225 atteint !!,Atteignez le niveau 225 dans le jeu,fr-FR
Level225,Niveau 225 atteint !!,Atteignez le niveau 225 dans le jeu,fr-CA
Level225,¡Nivel 225 alcanzado!,Alcanza el nivel 225 en el juego,es-ES
Level225,¡Nivel 225 alcanzado!,Alcanza el nivel 225 en el juego,es-US
Level225,Livello 225 raggiunto!!,Raggiungi il livello 225 nel gioco,it-IT
Level225,Level 225 erreicht!!,Erreiche Level 225 im Spiel,de-DE
Level225,Nível 225 alcançado!!,Alcance o nível 225 no jogo,pt-BR
Level225,Nível 225 alcançado!!,Alcance o nível 225 no jogo,pt-PT
Level225,Уровень 225 достигнут!!,Достигните уровня 225 в игре,ru-RU
Level225,Level 225 tercapai!!,Capai level 225 dalam permainan,id
Level225,Đạt cấp 225!!,Đạt cấp 225 trong trò chơi,vi
Level225,ถึงเลเวล 225 แล้ว!!,ถึงเลเวล 225 ในเกม,th
Level225,Seviye 225 başarıldı!!,Oyunda 225 seviyeye ulaşın,tr-TR
Level230,레벨 230 달성!!,게임에서 레벨 230에 도달하세요,ko-KR
Level230,レベル230達成!!,ゲームでレベル230に到達,ja-JP
Level230,达到230级!!,在游戏中达到230级,zh-CN
Level230,達成230級!!,在遊戲中達到230級,zh-TW
Level230,達成230級!!,在遊戲中達到230級,zh-HK
Level230,Niveau 230 atteint !!,Atteignez le niveau 230 dans le jeu,fr-FR
Level230,Niveau 230 atteint !!,Atteignez le niveau 230 dans le jeu,fr-CA
Level230,¡Nivel 230 alcanzado!,Alcanza el nivel 230 en el juego,es-ES
Level230,¡Nivel 230 alcanzado!,Alcanza el nivel 230 en el juego,es-US
Level230,Livello 230 raggiunto!!,Raggiungi il livello 230 nel gioco,it-IT
Level230,Level 230 erreicht!!,Erreiche Level 230 im Spiel,de-DE
Level230,Nível 230 alcançado!!,Alcance o nível 230 no jogo,pt-BR
Level230,Nível 230 alcançado!!,Alcance o nível 230 no jogo,pt-PT
Level230,Уровень 230 достигнут!!,Достигните уровня 230 в игре,ru-RU
Level230,Level 230 tercapai!!,Capai level 230 dalam permainan,id
Level230,Đạt cấp 230!!,Đạt cấp 230 trong trò chơi,vi
Level230,ถึงเลเวล 230 แล้ว!!,ถึงเลเวล 230 ในเกม,th
Level230,Seviye 230 başarıldı!!,Oyunda 230 seviyeye ulaşın,tr-TR
Level235,레벨 235 달성!!,게임에서 레벨 235에 도달하세요,ko-KR
Level235,レベル235達成!!,ゲームでレベル235に到達,ja-JP
Level235,达到235级!!,在游戏中达到235级,zh-CN
Level235,達成235級!!,在遊戲中達到235級,zh-TW
Level235,達成235級!!,在遊戲中達到235級,zh-HK
Level235,Niveau 235 atteint !!,Atteignez le niveau 235 dans le jeu,fr-FR
Level235,Niveau 235 atteint !!,Atteignez le niveau 235 dans le jeu,fr-CA
Level235,¡Nivel 235 alcanzado!,Alcanza el nivel 235 en el juego,es-ES
Level235,¡Nivel 235 alcanzado!,Alcanza el nivel 235 en el juego,es-US
Level235,Livello 235 raggiunto!!,Raggiungi il livello 235 nel gioco,it-IT
Level235,Level 235 erreicht!!,Erreiche Level 235 im Spiel,de-DE
Level235,Nível 235 alcançado!!,Alcance o nível 235 no jogo,pt-BR
Level235,Nível 235 alcançado!!,Alcance o nível 235 no jogo,pt-PT
Level235,Уровень 235 достигнут!!,Достигните уровня 235 в игре,ru-RU
Level235,Level 235 tercapai!!,Capai level 235 dalam permainan,id
Level235,Đạt cấp 235!!,Đạt cấp 235 trong trò chơi,vi
Level235,ถึงเลเวล 235 แล้ว!!,ถึงเลเวล 235 ในเกม,th
Level235,Seviye 235 başarıldı!!,Oyunda 235 seviyeye ulaşın,tr-TR
Level240,레벨 240 달성!!,게임에서 레벨 240에 도달하세요,ko-KR
Level240,レベル240達成!!,ゲームでレベル240に到達,ja-JP
Level240,达到240级!!,在游戏中达到240级,zh-CN
Level240,達成240級!!,在遊戲中達到240級,zh-TW
Level240,達成240級!!,在遊戲中達到240級,zh-HK
Level240,Niveau 240 atteint !!,Atteignez le niveau 240 dans le jeu,fr-FR
Level240,Niveau 240 atteint !!,Atteignez le niveau 240 dans le jeu,fr-CA
Level240,¡Nivel 240 alcanzado!,Alcanza el nivel 240 en el juego,es-ES
Level240,¡Nivel 240 alcanzado!,Alcanza el nivel 240 en el juego,es-US
Level240,Livello 240 raggiunto!!,Raggiungi il livello 240 nel gioco,it-IT
Level240,Level 240 erreicht!!,Erreiche Level 240 im Spiel,de-DE
Level240,Nível 240 alcançado!!,Alcance o nível 240 no jogo,pt-BR
Level240,Nível 240 alcançado!!,Alcance o nível 240 no jogo,pt-PT
Level240,Уровень 240 достигнут!!,Достигните уровня 240 в игре,ru-RU
Level240,Level 240 tercapai!!,Capai level 240 dalam permainan,id
Level240,Đạt cấp 240!!,Đạt cấp 240 trong trò chơi,vi
Level240,ถึงเลเวล 240 แล้ว!!,ถึงเลเวล 240 ในเกม,th
Level240,Seviye 240 başarıldı!!,Oyunda 240 seviyeye ulaşın,tr-TR
Level245,레벨 245 달성!!,게임에서 레벨 245에 도달하세요,ko-KR
Level245,レベル245達成!!,ゲームでレベル245に到達,ja-JP
Level245,达到245级!!,在游戏中达到245级,zh-CN
Level245,達成245級!!,在遊戲中達到245級,zh-TW
Level245,達成245級!!,在遊戲中達到245級,zh-HK
Level245,Niveau 245 atteint !!,Atteignez le niveau 245 dans le jeu,fr-FR
Level245,Niveau 245 atteint !!,Atteignez le niveau 245 dans le jeu,fr-CA
Level245,¡Nivel 245 alcanzado!,Alcanza el nivel 245 en el juego,es-ES
Level245,¡Nivel 245 alcanzado!,Alcanza el nivel 245 en el juego,es-US
Level245,Livello 245 raggiunto!!,Raggiungi il livello 245 nel gioco,it-IT
Level245,Level 245 erreicht!!,Erreiche Level 245 im Spiel,de-DE
Level245,Nível 245 alcançado!!,Alcance o nível 245 no jogo,pt-BR
Level245,Nível 245 alcançado!!,Alcance o nível 245 no jogo,pt-PT
Level245,Уровень 245 достигнут!!,Достигните уровня 245 в игре,ru-RU
Level245,Level 245 tercapai!!,Capai level 245 dalam permainan,id
Level245,Đạt cấp 245!!,Đạt cấp 245 trong trò chơi,vi
Level245,ถึงเลเวล 245 แล้ว!!,ถึงเลเวล 245 ในเกม,th
Level245,Seviye 245 başarıldı!!,Oyunda 245 seviyeye ulaşın,tr-TR
Level250,레벨 250 달성!!,게임에서 레벨 250에 도달하세요,ko-KR
Level250,レベル250達成!!,ゲームでレベル250に到達,ja-JP
Level250,达到250级!!,在游戏中达到250级,zh-CN
Level250,達成250級!!,在遊戲中達到250級,zh-TW
Level250,達成250級!!,在遊戲中達到250級,zh-HK
Level250,Niveau 250 atteint !!,Atteignez le niveau 250 dans le jeu,fr-FR
Level250,Niveau 250 atteint !!,Atteignez le niveau 250 dans le jeu,fr-CA
Level250,¡Nivel 250 alcanzado!,Alcanza el nivel 250 en el juego,es-ES
Level250,¡Nivel 250 alcanzado!,Alcanza el nivel 250 en el juego,es-US
Level250,Livello 250 raggiunto!!,Raggiungi il livello 250 nel gioco,it-IT
Level250,Level 250 erreicht!!,Erreiche Level 250 im Spiel,de-DE
Level250,Nível 250 alcançado!!,Alcance o nível 250 no jogo,pt-BR
Level250,Nível 250 alcançado!!,Alcance o nível 250 no jogo,pt-PT
Level250,Уровень 250 достигнут!!,Достигните уровня 250 в игре,ru-RU
Level250,Level 250 tercapai!!,Capai level 250 dalam permainan,id
Level250,Đạt cấp 250!!,Đạt cấp 250 trong trò chơi,vi
Level250,ถึงเลเวล 250 แล้ว!!,ถึงเลเวล 250 ในเกม,th
Level250,Seviye 250 başarıldı!!,Oyunda 250 seviyeye ulaşın,tr-TR
Level255,레벨 255 달성!!,게임에서 레벨 255에 도달하세요,ko-KR
Level255,レベル255達成!!,ゲームでレベル255に到達,ja-JP
Level255,达到255级!!,在游戏中达到255级,zh-CN
Level255,達成255級!!,在遊戲中達到255級,zh-TW
Level255,達成255級!!,在遊戲中達到255級,zh-HK
Level255,Niveau 255 atteint !!,Atteignez le niveau 255 dans le jeu,fr-FR
Level255,Niveau 255 atteint !!,Atteignez le niveau 255 dans le jeu,fr-CA
Level255,¡Nivel 255 alcanzado!,Alcanza el nivel 255 en el juego,es-ES
Level255,¡Nivel 255 alcanzado!,Alcanza el nivel 255 en el juego,es-US
Level255,Livello 255 raggiunto!!,Raggiungi il livello 255 nel gioco,it-IT
Level255,Level 255 erreicht!!,Erreiche Level 255 im Spiel,de-DE
Level255,Nível 255 alcançado!!,Alcance o nível 255 no jogo,pt-BR
Level255,Nível 255 alcançado!!,Alcance o nível 255 no jogo,pt-PT
Level255,Уровень 255 достигнут!!,Достигните уровня 255 в игре,ru-RU
Level255,Level 255 tercapai!!,Capai level 255 dalam permainan,id
Level255,Đạt cấp 255!!,Đạt cấp 255 trong trò chơi,vi
Level255,ถึงเลเวล 255 แล้ว!!,ถึงเลเวล 255 ในเกม,th
Level255,Seviye 255 başarıldı!!,Oyunda 255 seviyeye ulaşın,tr-TR
Level260,레벨 260 달성!!,게임에서 레벨 260에 도달하세요,ko-KR
Level260,レベル260達成!!,ゲームでレベル260に到達,ja-JP
Level260,达到260级!!,在游戏中达到260级,zh-CN
Level260,達成260級!!,在遊戲中達到260級,zh-TW
Level260,達成260級!!,在遊戲中達到260級,zh-HK
Level260,Niveau 260 atteint !!,Atteignez le niveau 260 dans le jeu,fr-FR
Level260,Niveau 260 atteint !!,Atteignez le niveau 260 dans le jeu,fr-CA
Level260,¡Nivel 260 alcanzado!,Alcanza el nivel 260 en el juego,es-ES
Level260,¡Nivel 260 alcanzado!,Alcanza el nivel 260 en el juego,es-US
Level260,Livello 260 raggiunto!!,Raggiungi il livello 260 nel gioco,it-IT
Level260,Level 260 erreicht!!,Erreiche Level 260 im Spiel,de-DE
Level260,Nível 260 alcançado!!,Alcance o nível 260 no jogo,pt-BR
Level260,Nível 260 alcançado!!,Alcance o nível 260 no jogo,pt-PT
Level260,Уровень 260 достигнут!!,Достигните уровня 260 в игре,ru-RU
Level260,Level 260 tercapai!!,Capai level 260 dalam permainan,id
Level260,Đạt cấp 260!!,Đạt cấp 260 trong trò chơi,vi
Level260,ถึงเลเวล 260 แล้ว!!,ถึงเลเวล 260 ในเกม,th
Level260,Seviye 260 başarıldı!!,Oyunda 260 seviyeye ulaşın,tr-TR
Level265,레벨 265 달성!!,게임에서 레벨 265에 도달하세요,ko-KR
Level265,レベル265達成!!,ゲームでレベル265に到達,ja-JP
Level265,达到265级!!,在游戏中达到265级,zh-CN
Level265,達成265級!!,在遊戲中達到265級,zh-TW
Level265,達成265級!!,在遊戲中達到265級,zh-HK
Level265,Niveau 265 atteint !!,Atteignez le niveau 265 dans le jeu,fr-FR
Level265,Niveau 265 atteint !!,Atteignez le niveau 265 dans le jeu,fr-CA
Level265,¡Nivel 265 alcanzado!,Alcanza el nivel 265 en el juego,es-ES
Level265,¡Nivel 265 alcanzado!,Alcanza el nivel 265 en el juego,es-US
Level265,Livello 265 raggiunto!!,Raggiungi il livello 265 nel gioco,it-IT
Level265,Level 265 erreicht!!,Erreiche Level 265 im Spiel,de-DE
Level265,Nível 265 alcançado!!,Alcance o nível 265 no jogo,pt-BR
Level265,Nível 265 alcançado!!,Alcance o nível 265 no jogo,pt-PT
Level265,Уровень 265 достигнут!!,Достигните уровня 265 в игре,ru-RU
Level265,Level 265 tercapai!!,Capai level 265 dalam permainan,id
Level265,Đạt cấp 265!!,Đạt cấp 265 trong trò chơi,vi
Level265,ถึงเลเวล 265 แล้ว!!,ถึงเลเวล 265 ในเกม,th
Level265,Seviye 265 başarıldı!!,Oyunda 265 seviyeye ulaşın,tr-TR
Level270,레벨 270 달성!!,게임에서 레벨 270에 도달하세요,ko-KR
Level270,レベル270達成!!,ゲームでレベル270に到達,ja-JP
Level270,达到270级!!,在游戏中达到270级,zh-CN
Level270,達成270級!!,在遊戲中達到270級,zh-TW
Level270,達成270級!!,在遊戲中達到270級,zh-HK
Level270,Niveau 270 atteint !!,Atteignez le niveau 270 dans le jeu,fr-FR
Level270,Niveau 270 atteint !!,Atteignez le niveau 270 dans le jeu,fr-CA
Level270,¡Nivel 270 alcanzado!,Alcanza el nivel 270 en el juego,es-ES
Level270,¡Nivel 270 alcanzado!,Alcanza el nivel 270 en el juego,es-US
Level270,Livello 270 raggiunto!!,Raggiungi il livello 270 nel gioco,it-IT
Level270,Level 270 erreicht!!,Erreiche Level 270 im Spiel,de-DE
Level270,Nível 270 alcançado!!,Alcance o nível 270 no jogo,pt-BR
Level270,Nível 270 alcançado!!,Alcance o nível 270 no jogo,pt-PT
Level270,Уровень 270 достигнут!!,Достигните уровня 270 в игре,ru-RU
Level270,Level 270 tercapai!!,Capai level 270 dalam permainan,id
Level270,Đạt cấp 270!!,Đạt cấp 270 trong trò chơi,vi
Level270,ถึงเลเวล 270 แล้ว!!,ถึงเลเวล 270 ในเกม,th
Level270,Seviye 270 başarıldı!!,Oyunda 270 seviyeye ulaşın,tr-TR
Level275,레벨 275 달성!!,게임에서 레벨 275에 도달하세요,ko-KR
Level275,レベル275達成!!,ゲームでレベル275に到達,ja-JP
Level275,达到275级!!,在游戏中达到275级,zh-CN
Level275,達成275級!!,在遊戲中達到275級,zh-TW
Level275,達成275級!!,在遊戲中達到275級,zh-HK
Level275,Niveau 275 atteint !!,Atteignez le niveau 275 dans le jeu,fr-FR
Level275,Niveau 275 atteint !!,Atteignez le niveau 275 dans le jeu,fr-CA
Level275,¡Nivel 275 alcanzado!,Alcanza el nivel 275 en el juego,es-ES
Level275,¡Nivel 275 alcanzado!,Alcanza el nivel 275 en el juego,es-US
Level275,Livello 275 raggiunto!!,Raggiungi il livello 275 nel gioco,it-IT
Level275,Level 275 erreicht!!,Erreiche Level 275 im Spiel,de-DE
Level275,Nível 275 alcançado!!,Alcance o nível 275 no jogo,pt-BR
Level275,Nível 275 alcançado!!,Alcance o nível 275 no jogo,pt-PT
Level275,Уровень 275 достигнут!!,Достигните уровня 275 в игре,ru-RU
Level275,Level 275 tercapai!!,Capai level 275 dalam permainan,id
Level275,Đạt cấp 275!!,Đạt cấp 275 trong trò chơi,vi
Level275,ถึงเลเวล 275 แล้ว!!,ถึงเลเวล 275 ในเกม,th
Level275,Seviye 275 başarıldı!!,Oyunda 275 seviyeye ulaşın,tr-TR
Level280,레벨 280 달성!!,게임에서 레벨 280에 도달하세요,ko-KR
Level280,レベル280達成!!,ゲームでレベル280に到達,ja-JP
Level280,达到280级!!,在游戏中达到280级,zh-CN
Level280,達成280級!!,在遊戲中達到280級,zh-TW
Level280,達成280級!!,在遊戲中達到280級,zh-HK
Level280,Niveau 280 atteint !!,Atteignez le niveau 280 dans le jeu,fr-FR
Level280,Niveau 280 atteint !!,Atteignez le niveau 280 dans le jeu,fr-CA
Level280,¡Nivel 280 alcanzado!,Alcanza el nivel 280 en el juego,es-ES
Level280,¡Nivel 280 alcanzado!,Alcanza el nivel 280 en el juego,es-US
Level280,Livello 280 raggiunto!!,Raggiungi il livello 280 nel gioco,it-IT
Level280,Level 280 erreicht!!,Erreiche Level 280 im Spiel,de-DE
Level280,Nível 280 alcançado!!,Alcance o nível 280 no jogo,pt-BR
Level280,Nível 280 alcançado!!,Alcance o nível 280 no jogo,pt-PT
Level280,Уровень 280 достигнут!!,Достигните уровня 280 в игре,ru-RU
Level280,Level 280 tercapai!!,Capai level 280 dalam permainan,id
Level280,Đạt cấp 280!!,Đạt cấp 280 trong trò chơi,vi
Level280,ถึงเลเวล 280 แล้ว!!,ถึงเลเวล 280 ในเกม,th
Level280,Seviye 280 başarıldı!!,Oyunda 280 seviyeye ulaşın,tr-TR
Level285,레벨 285 달성!!,게임에서 레벨 285에 도달하세요,ko-KR
Level285,レベル285達成!!,ゲームでレベル285に到達,ja-JP
Level285,达到285级!!,在游戏中达到285级,zh-CN
Level285,達成285級!!,在遊戲中達到285級,zh-TW
Level285,達成285級!!,在遊戲中達到285級,zh-HK
Level285,Niveau 285 atteint !!,Atteignez le niveau 285 dans le jeu,fr-FR
Level285,Niveau 285 atteint !!,Atteignez le niveau 285 dans le jeu,fr-CA
Level285,¡Nivel 285 alcanzado!,Alcanza el nivel 285 en el juego,es-ES
Level285,¡Nivel 285 alcanzado!,Alcanza el nivel 285 en el juego,es-US
Level285,Livello 285 raggiunto!!,Raggiungi il livello 285 nel gioco,it-IT
Level285,Level 285 erreicht!!,Erreiche Level 285 im Spiel,de-DE
Level285,Nível 285 alcançado!!,Alcance o nível 285 no jogo,pt-BR
Level285,Nível 285 alcançado!!,Alcance o nível 285 no jogo,pt-PT
Level285,Уровень 285 достигнут!!,Достигните уровня 285 в игре,ru-RU
Level285,Level 285 tercapai!!,Capai level 285 dalam permainan,id
Level285,Đạt cấp 285!!,Đạt cấp 285 trong trò chơi,vi
Level285,ถึงเลเวล 285 แล้ว!!,ถึงเลเวล 285 ในเกม,th
Level285,Seviye 285 başarıldı!!,Oyunda 285 seviyeye ulaşın,tr-TR
Level290,레벨 290 달성!!,게임에서 레벨 290에 도달하세요,ko-KR
Level290,レベル290達成!!,ゲームでレベル290に到達,ja-JP
Level290,达到290级!!,在游戏中达到290级,zh-CN
Level290,達成290級!!,在遊戲中達到290級,zh-TW
Level290,達成290級!!,在遊戲中達到290級,zh-HK
Level290,Niveau 290 atteint !!,Atteignez le niveau 290 dans le jeu,fr-FR
Level290,Niveau 290 atteint !!,Atteignez le niveau 290 dans le jeu,fr-CA
Level290,¡Nivel 290 alcanzado!,Alcanza el nivel 290 en el juego,es-ES
Level290,¡Nivel 290 alcanzado!,Alcanza el nivel 290 en el juego,es-US
Level290,Livello 290 raggiunto!!,Raggiungi il livello 290 nel gioco,it-IT
Level290,Level 290 erreicht!!,Erreiche Level 290 im Spiel,de-DE
Level290,Nível 290 alcançado!!,Alcance o nível 290 no jogo,pt-BR
Level290,Nível 290 alcançado!!,Alcance o nível 290 no jogo,pt-PT
Level290,Уровень 290 достигнут!!,Достигните уровня 290 в игре,ru-RU
Level290,Level 290 tercapai!!,Capai level 290 dalam permainan,id
Level290,Đạt cấp 290!!,Đạt cấp 290 trong trò chơi,vi
Level290,ถึงเลเวล 290 แล้ว!!,ถึงเลเวล 290 ในเกม,th
Level290,Seviye 290 başarıldı!!,Oyunda 290 seviyeye ulaşın,tr-TR
Level295,레벨 295 달성!!,게임에서 레벨 295에 도달하세요,ko-KR
Level295,レベル295達成!!,ゲームでレベル295に到達,ja-JP
Level295,达到295级!!,在游戏中达到295级,zh-CN
Level295,達成295級!!,在遊戲中達到295級,zh-TW
Level295,達成295級!!,在遊戲中達到295級,zh-HK
Level295,Niveau 295 atteint !!,Atteignez le niveau 295 dans le jeu,fr-FR
Level295,Niveau 295 atteint !!,Atteignez le niveau 295 dans le jeu,fr-CA
Level295,¡Nivel 295 alcanzado!,Alcanza el nivel 295 en el juego,es-ES
Level295,¡Nivel 295 alcanzado!,Alcanza el nivel 295 en el juego,es-US
Level295,Livello 295 raggiunto!!,Raggiungi il livello 295 nel gioco,it-IT
Level295,Level 295 erreicht!!,Erreiche Level 295 im Spiel,de-DE
Level295,Nível 295 alcançado!!,Alcance o nível 295 no jogo,pt-BR
Level295,Nível 295 alcançado!!,Alcance o nível 295 no jogo,pt-PT
Level295,Уровень 295 достигнут!!,Достигните уровня 295 в игре,ru-RU
Level295,Level 295 tercapai!!,Capai level 295 dalam permainan,id
Level295,Đạt cấp 295!!,Đạt cấp 295 trong trò chơi,vi
Level295,ถึงเลเวล 295 แล้ว!!,ถึงเลเวล 295 ในเกม,th
Level295,Seviye 295 başarıldı!!,Oyunda 295 seviyeye ulaşın,tr-TR
Level300,레벨 300 달성!!,게임에서 레벨 300에 도달하세요,ko-KR
Level300,レベル300達成!!,ゲームでレベル300に到達,ja-JP
Level300,达到300级!!,在游戏中达到300级,zh-CN
Level300,達成300級!!,在遊戲中達到300級,zh-TW
Level300,達成300級!!,在遊戲中達到300級,zh-HK
Level300,Niveau 300 atteint !!,Atteignez le niveau 300 dans le jeu,fr-FR
Level300,Niveau 300 atteint !!,Atteignez le niveau 300 dans le jeu,fr-CA
Level300,¡Nivel 300 alcanzado!,Alcanza el nivel 300 en el juego,es-ES
Level300,¡Nivel 300 alcanzado!,Alcanza el nivel 300 en el juego,es-US
Level300,Livello 300 raggiunto!!,Raggiungi il livello 300 nel gioco,it-IT
Level300,Level 300 erreicht!!,Erreiche Level 300 im Spiel,de-DE
Level300,Nível 300 alcançado!!,Alcance o nível 300 no jogo,pt-BR
Level300,Nível 300 alcançado!!,Alcance o nível 300 no jogo,pt-PT
Level300,Уровень 300 достигнут!!,Достигните уровня 300 в игре,ru-RU
Level300,Level 300 tercapai!!,Capai level 300 dalam permainan,id
Level300,Đạt cấp 300!!,Đạt cấp 300 trong trò chơi,vi
Level300,ถึงเลเวล 300 แล้ว!!,ถึงเลเวล 300 ในเกม,th
Level300,Seviye 300 başarıldı!!,Oyunda 300 seviyeye ulaşın,tr-TR
