5레벨달성!!,Character.jpg
10레벨달성!!,Character.jpg
20레벨달성!!,Character.jpg
30레벨달성!!,Character.jpg
50레벨달성!!,Character.jpg
100레벨달성!!,Character.jpg
200레벨달성!!,Character.jpg
300레벨달성!!,Character.jpg
400레벨달성!!,Character.jpg
500레벨달성!!,Character.jpg
600레벨달성!!,Character.jpg
700레벨달성!!,Character.jpg
777레벨달성!!,Character.jpg
800레벨달성!!,Character.jpg
900레벨달성!!,Character.jpg
1000레벨달성!!,Character.jpg
1200레벨달성!!,Character.jpg
1500레벨달성!!,Character.jpg
2000레벨달성!!,Character.jpg
200점 이상 승리!!,Character.jpg
500점 이상 승리!!,Character.jpg
"1,000점 이상 승리!!",Character.jpg
"1,500점 이상 승리!!",Character.jpg
"2,000점 이상 승리!!",Character.jpg
"5,000점 이상 승리!!",Character.jpg
"10,000점 이상 승리!!",Character.jpg
"50,000점 이상 승리!!",Character.jpg
"100,000점 이상 승리!!",Character.jpg
30판 플레이 달성!!,Character.jpg
100판 플레이 달성!!,Character.jpg
250판 플레이 달성!!,Character.jpg
500판 플레이 달성!!,Character.jpg
"1,000판 플레이 달성!!",Character.jpg
"1,500판 플레이 달성!!",Character.jpg
"3,000판 플레이 달성!!",Character.jpg
"6,000판 플레이 달성!!",Character.jpg
"10,000판 플레이 달성!!",Character.jpg
20판 승리 달성!!,Character.jpg
50판 승리 달성!!,Character.jpg
100판 승리 달성!!,Character.jpg
250판 승리 달성!!,Character.jpg
500판 승리 달성!!,Character.jpg
"1,000판 승리 달성!!",Character.jpg
"1,500판 승리 달성!!",Character.jpg
"3,000판 승리 달성!!",Character.jpg
"6,000판 승리 달성!!",Character.jpg
"10,000판 승리 달성!!",Character.jpg
5연승 달성!!,Character.jpg
10연승 달성!!,Character.jpg
15연승 달성!!,Character.jpg
20연승 달성!!,Character.jpg
30연승 달성!!,Character.jpg
50연승 달성!!,Character.jpg
77연승 달성!!,Character.jpg
100연승 달성!!,Character.jpg
200연승 달성!!,Character.jpg
333연승 달성!!,Character.jpg
500연승 달성!!,Character.jpg
"1,000연승 달성!!",Character.jpg
"보유머니 1,000만냥 달성!!",Character.jpg
"보유머니 5,000만냥 달성!!",Character.jpg
보유머니 1억냥 달성!!,Character.jpg
보유머니 100억냥 달성!!,Character.jpg
"보유머니 1,000억냥 달성!!",Character.jpg
보유머니 1조냥 달성!!,Character.jpg
보유머니 10조냥 달성!!,Character.jpg
보유머니 100조냥 달성!!,Character.jpg
캐릭터 획득 - 사라,Character.jpg
캐릭터 획득 - 리나,Character.jpg
캐릭터 획득 - 로즈,Character.jpg
캐릭터 획득 - 수진,Character.jpg
캐릭터 획득 - 춘희,Character.jpg
캐릭터 획득 - 체리,Character.jpg
캐릭터 획득 - 별이,Character.jpg
캐릭터 획득 - 영자,Character.jpg
캐릭터 획득 - 메이,Character.jpg
캐릭터 획득 - 리아,Character.jpg
캐릭터 획득 - 복자,Character.jpg
캐릭터 획득 - 유나,Character.jpg
캐릭터 획득 - 조이,Character.jpg
캐릭터 획득 - 엠마,Character.jpg
캐릭터 획득 - 혜수,Character.jpg
캐릭터 획득 - 수아,Character.jpg
캐릭터 획득 - 꽃님,Character.jpg
캐릭터 획득 - 진주,Character.jpg
캐릭터 획득 - 노조미,Character.jpg
캐릭터 획득 - 하루,Character.jpg
캐릭터 획득 - 엘리스,Character.jpg
캐릭터 획득 - 아이비,Character.jpg
캐릭터 획득 - 안나,Character.jpg
캐릭터 획득 - 클레오,Character.jpg
캐릭터 획득 - 예린,Character.jpg
캐릭터 획득 - 지아,Character.jpg
캐릭터 획득 - 아야,Character.jpg
캐릭터 획득 - 채원,Character.jpg
캐릭터 획득 - 이사벨,Character.jpg
캐릭터 획득 - 나비,Character.jpg
캐릭터 획득 - 짱순,Character.jpg
캐릭터 획득 - 유미,Character.jpg
캐릭터 획득 - 수정,Character.jpg
캐릭터 획득 - 단비,Character.jpg
캐릭터 획득 - 공주,Character.jpg
캐릭터 획득 - 토니,Character.jpg
캐릭터 획득 - 타케시,Character.jpg
캐릭터 획득 - 알렉스,Character.jpg
캐릭터 획득 - 앤서니,Character.jpg
캐릭터 획득 - 덕화,Character.jpg
캐릭터 획득 - 현우,Character.jpg
캐릭터 획득 - 크리스,Character.jpg
캐릭터 획득 - 레이,Character.jpg
캐릭터 획득 - 스타,Character.jpg
캐릭터 획득 - 동석,Character.jpg
캐릭터 획득 - 철수,Character.jpg
캐릭터 획득 - 맥스,Character.jpg
캐릭터 획득 - 중순,Character.jpg
캐릭터 획득 - 이브,Character.jpg
캐릭터 획득 - 소피아,Character.jpg
