Stage,Start_Equation,Target_Equation,ChangeType,ChangedIndex1,From1,To1,ChangedIndex2,From2,To2,ChangedIndex3,From3,To3,ChangedIndex4,From4,To4,Start_Tokens,Target_Tokens
1,3+11=7,3+4=7,splitmerge_4_11,2,11,4,,,,,,,,,,'3;+;11;=;7','3;+;4;=;7'
2,'0+2=6','8-2=6',operator_number,1,+,-,0,0,8,,,,,,,'0;+;2;=;6','8;-;2;=;6'
3,6+0=15,6+9=15,within_glyph,2,0,9,,,,,,,,,,'6;+;0;=;1;5','6;+;9;=;1;5'
4,7+6=1,1+6=7,one_move_same_segment,0,7,1,4,1,7,,,,,,,'7;+;6;=;1','1;+;6;=;7'
5,4+0=11,4+0=4,splitmerge_4_11,4,11,4,,,,,,,,,,'4;+;0;=;11','4;+;0;=;4'
6,6-3=1,6-5=1,within_glyph,2,3,5,,,,,,,,,,'6;-;3;=;1','6;-;5;=;1'
7,3=6-2,3=6-3,within_glyph,4,2,3,,,,,,,,,,'3;=;6;-;2','3;=;6;-;3'
8,8+4=19,8+11=19,splitmerge_4_11,2,4,11,,,,,,,,,,'8;+;4;=;1;9','8;+;11;=;1;9'
9,8+5=11,8+3=11,within_glyph,2,5,3,,,,,,,,,,'8;+;5;=;11','8;+;3;=;11'
10,9+11=18,8+11=19,one_move_same_segment,5,8,9,0,9,8,,,,,,,'9;+;11;=;1;8','8;+;11;=;1;9'
11,0+3=2,0+3=3,within_glyph,4,2,3,,,,,,,,,,'0;+;3;=;2','0;+;3;=;3'
12,6+8=17,9+8=17,within_glyph,0,6,9,,,,,,,,,,'6;+;8;=;1;7','9;+;8;=;1;7'
13,19=5+11,16=5+11,within_glyph,1,9,6,,,,,,,,,,'1;9;=;5;+;11','1;6;=;5;+;11'
14,0+3=5,0+3=3,within_glyph,4,5,3,,,,,,,,,,'0;+;3;=;5','0;+;3;=;3'
15,2+6=11,2+9=11,within_glyph,2,6,9,,,,,,,,,,'2;+;6;=;11','2;+;9;=;11'
16,'0+3=5','8-3=5',operator_number,1,+,-,0,0,8,,,,,,,'0;+;3;=;5','8;-;3;=;5'
17,9-0=0,9-0=9,within_glyph,4,0,9,,,,,,,,,,'9;-;0;=;0','9;-;0;=;9'
18,'0+5=3','8-5=3',operator_number,1,+,-,0,0,8,,,,,,,'0;+;5;=;3','8;-;5;=;3'
19,1+3=70,7+3=10,one_move_same_segment,4,7,1,0,1,7,,,,,,,'1;+;3;=;7;0','7;+;3;=;1;0'
20,5+0=14,5+9=14,within_glyph,2,0,9,,,,,,,,,,'5;+;0;=;1;4','5;+;9;=;1;4'
21,6+7=15,6+7=13,within_glyph,5,5,3,,,,,,,,,,'6;+;7;=;1;5','6;+;7;=;1;3'
22,5+8=15,5+8=13,within_glyph,5,5,3,,,,,,,,,,'5;+;8;=;1;5','5;+;8;=;1;3'
23,0+5=11,6+5=11,within_glyph,0,0,6,,,,,,,,,,'0;+;5;=;11','6;+;5;=;11'
24,'0+6=2','8-6=2',operator_number,1,+,-,0,0,8,,,,,,,'0;+;6;=;2','8;-;6;=;2'
25,0+11=17,6+11=17,within_glyph,0,0,6,,,,,,,,,,'0;+;11;=;1;7','6;+;11;=;1;7'
26,'0+7=1','8-7=1',operator_number,1,+,-,0,0,8,,,,,,,'0;+;7;=;1','8;-;7;=;1'
27,2+11=12,2+11=13,within_glyph,5,2,3,,,,,,,,,,'2;+;11;=;1;2','2;+;11;=;1;3'
28,15=9+9,15=9+6,within_glyph,5,9,6,,,,,,,,,,'1;5;=;9;+;9','1;5;=;9;+;6'
29,3-9=3,3-0=3,within_glyph,2,9,0,,,,,,,,,,'3;-;9;=;3','3;-;0;=;3'
30,11+4=22,11+11=22,splitmerge_4_11,2,4,11,,,,,,,,,,'11;+;4;=;2;2','11;+;11;=;2;2'
31,0+3=12,9+3=12,within_glyph,0,0,9,,,,,,,,,,'0;+;3;=;1;2','9;+;3;=;1;2'
32,6=0-6,6-0=6,one_move_same_segment,1,=,-,3,-,=,,,,,,,'6;=;0;-;6','6;-;0;=;6'
33,9-9=9,9-9=0,within_glyph,4,9,0,,,,,,,,,,'9;-;9;=;9','9;-;9;=;0'
34,6+8=8,0+8=8,within_glyph,0,6,0,,,,,,,,,,'6;+;8;=;8','0;+;8;=;8'
35,0-0=9,0-0=0,within_glyph,4,9,0,,,,,,,,,,'0;-;0;=;9','0;-;0;=;0'
36,8-9=8,8-0=8,within_glyph,2,9,0,,,,,,,,,,'8;-;9;=;8','8;-;0;=;8'
37,7=3-4,7-3=4,one_move_same_segment,1,=,-,3,-,=,,,,,,,'7;=;3;-;4','7;-;3;=;4'
38,3+9=13,3+9=12,within_glyph,5,3,2,,,,,,,,,,'3;+;9;=;1;3','3;+;9;=;1;2'
39,0+9=6,0+6=6,within_glyph,2,9,6,,,,,,,,,,'0;+;9;=;6','0;+;6;=;6'
40,2+9=2,2+0=2,within_glyph,2,9,0,,,,,,,,,,'2;+;9;=;2','2;+;0;=;2'
41,3+1=6,5+1=6,within_glyph,0,3,5,,,,,,,,,,'3;+;1;=;6','5;+;1;=;6'
42,2-0=3,2-0=2,within_glyph,4,3,2,,,,,,,,,,'2;-;0;=;3','2;-;0;=;2'
43,11+6=71,11+6=17,one_move_same_segment,4,7,1,5,1,7,,,,,,,'11;+;6;=;7;1','11;+;6;=;1;7'
44,9+4=10,6+4=10,within_glyph,0,9,6,,,,,,,,,,'9;+;4;=;1;0','6;+;4;=;1;0'
45,1+6=73,7+6=13,one_move_same_segment,4,7,1,0,1,7,,,,,,,'1;+;6;=;7;3','7;+;6;=;1;3'
46,9+0=18,9+9=18,within_glyph,2,0,9,,,,,,,,,,'9;+;0;=;1;8','9;+;9;=;1;8'
47,1+11=78,7+11=18,one_move_same_segment,4,7,1,0,1,7,,,,,,,'1;+;11;=;7;8','7;+;11;=;1;8'
48,7-0=1,7-6=1,within_glyph,2,0,6,,,,,,,,,,'7;-;0;=;1','7;-;6;=;1'
49,4-0=11,11-0=11,splitmerge_4_11,0,4,11,,,,,,,,,,'4;-;0;=;11','11;-;0;=;11'
50,9+6=13,5+8=13,one_move_same_segment,0,9,5,2,6,8,,,,,,,'9;+;6;=;1;3','5;+;8;=;1;3'
51,9-5=1,6-5=1,within_glyph,0,9,6,,,,,,,,,,'9;-;5;=;1','6;-;5;=;1'
52,9+4=15,9+4=13,within_glyph,5,5,3,,,,,,,,,,'9;+;4;=;1;5','9;+;4;=;1;3'
53,9+7=7,0+7=7,within_glyph,0,9,0,,,,,,,,,,'9;+;7;=;7','0;+;7;=;7'
54,0-4=2,6-4=2,within_glyph,0,0,6,,,,,,,,,,'0;-;4;=;2','6;-;4;=;2'
55,1-6=1,1-0=1,within_glyph,2,6,0,,,,,,,,,,'1;-;6;=;1','1;-;0;=;1'
56,8-5=5,8-3=5,within_glyph,2,5,3,,,,,,,,,,'8;-;5;=;5','8;-;3;=;5'
57,7-6=7,7-0=7,within_glyph,2,6,0,,,,,,,,,,'7;-;6;=;7','7;-;0;=;7'
58,1+1=3,1+1=2,within_glyph,4,3,2,,,,,,,,,,'1;+;1;=;3','1;+;1;=;2'
59,0+9=0,0+9=9,within_glyph,4,0,9,,,,,,,,,,'0;+;9;=;0','0;+;9;=;9'
60,3+8=5,3+6=9,one_move_same_segment,2,8,6,4,5,9,,,,,,,'3;+;8;=;5','3;+;6;=;9'
61,0-7=2,9-7=2,within_glyph,0,0,9,,,,,,,,,,'0;-;7;=;2','9;-;7;=;2'
62,9+7=13,6+7=13,within_glyph,0,9,6,,,,,,,,,,'9;+;7;=;1;3','6;+;7;=;1;3'
63,11-0=5,11-6=5,within_glyph,2,0,6,,,,,,,,,,'11;-;0;=;5','11;-;6;=;5'
64,8+2=19,8+2=10,within_glyph,5,9,0,,,,,,,,,,'8;+;2;=;1;9','8;+;2;=;1;0'
65,9=3-3,0=3-3,within_glyph,0,9,0,,,,,,,,,,'9;=;3;-;3','0;=;3;-;3'
66,5+6=9,3+6=9,within_glyph,0,5,3,,,,,,,,,,'5;+;6;=;9','3;+;6;=;9'
67,5+4=16,5+11=16,splitmerge_4_11,2,4,11,,,,,,,,,,'5;+;4;=;1;6','5;+;11;=;1;6'
68,13=0+7,13=6+7,within_glyph,3,0,6,,,,,,,,,,'1;3;=;0;+;7','1;3;=;6;+;7'
69,3+4=9,5+4=9,within_glyph,0,3,5,,,,,,,,,,'3;+;4;=;9','5;+;4;=;9'
70,0+6=0,0+0=0,within_glyph,2,6,0,,,,,,,,,,'0;+;6;=;0','0;+;0;=;0'
71,13=4+6,13=4+9,within_glyph,5,6,9,,,,,,,,,,'1;3;=;4;+;6','1;3;=;4;+;9'
72,3-2=0,2-2=0,within_glyph,0,3,2,,,,,,,,,,'3;-;2;=;0','2;-;2;=;0'
73,0+0=6,6+0=6,within_glyph,0,0,6,,,,,,,,,,'0;+;0;=;6','6;+;0;=;6'
74,2+0=8,2+6=8,within_glyph,2,0,6,,,,,,,,,,'2;+;0;=;8','2;+;6;=;8'
75,9-6=5,9-6=3,within_glyph,4,5,3,,,,,,,,,,'9;-;6;=;5','9;-;6;=;3'
76,4+1=3,4+1=5,within_glyph,4,3,5,,,,,,,,,,'4;+;1;=;3','4;+;1;=;5'
77,6+11=11,0+11=11,within_glyph,0,6,0,,,,,,,,,,'6;+;11;=;11','0;+;11;=;11'
78,9-0=6,6-0=6,within_glyph,0,9,6,,,,,,,,,,'9;-;0;=;6','6;-;0;=;6'
79,11+8=16,11+8=19,within_glyph,5,6,9,,,,,,,,,,'11;+;8;=;1;6','11;+;8;=;1;9'
80,11-9=5,11-6=5,within_glyph,2,9,6,,,,,,,,,,'11;-;9;=;5','11;-;6;=;5'
81,0-9=0,9-9=0,within_glyph,0,0,9,,,,,,,,,,'0;-;9;=;0','9;-;9;=;0'
82,3-6=3,3-0=3,within_glyph,2,6,0,,,,,,,,,,'3;-;6;=;3','3;-;0;=;3'
83,4+0=13,4+9=13,within_glyph,2,0,9,,,,,,,,,,'4;+;0;=;1;3','4;+;9;=;1;3'
84,6=6-3,6=9-3,within_glyph,2,6,9,,,,,,,,,,'6;=;6;-;3','6;=;9;-;3'
85,8+3=13,8+5=13,within_glyph,2,3,5,,,,,,,,,,'8;+;3;=;1;3','8;+;5;=;1;3'
86,2+3=6,3+3=6,within_glyph,0,2,3,,,,,,,,,,'2;+;3;=;6','3;+;3;=;6'
87,9+4=4,0+4=4,within_glyph,0,9,0,,,,,,,,,,'9;+;4;=;4','0;+;4;=;4'
88,6=2-4,6-2=4,one_move_same_segment,1,=,-,3,-,=,,,,,,,'6;=;2;-;4','6;-;2;=;4'
89,6+17=11,6+11=17,one_move_same_segment,3,7,1,2,1,7,,,,,,,6;+;1;7;=;1;1',6;+;1;1;=;1;7'
90,4+5=16,11+5=16,splitmerge_4_11,0,4,11,,,,,,,,,,'4;+;5;=;1;6','11;+;5;=;1;6'
91,7+3=12,7+5=12,within_glyph,2,3,5,,,,,,,,,,'7;+;3;=;1;2','7;+;5;=;1;2'
92,3-2=3,5-2=3,within_glyph,0,3,5,,,,,,,,,,'3;-;2;=;3','5;-;2;=;3'
93,1-6=7,7-6=1,one_move_same_segment,4,7,1,0,1,7,,,,,,,'1;-;6;=;7','7;-;6;=;1'
94,8-3=6,8-2=6,within_glyph,2,3,2,,,,,,,,,,'8;-;3;=;6','8;-;2;=;6'
95,3-9=6,9-3=6,one_move_same_segment,2,9,3,0,3,9,,,,,,,'3;-;9;=;6','9;-;3;=;6'
96,8-9=1,9-8=1,one_move_same_segment,0,8,9,2,9,8,,,,,,,'8;-;9;=;1','9;-;8;=;1'
97,7-5=4,7-3=4,within_glyph,2,5,3,,,,,,,,,,'7;-;5;=;4','7;-;3;=;4'
98,'1-5=8','1+5=6',operator_number,4,8,6,1,-,+,,,,,,,'1;-;5;=;8','1;+;5;=;6'
99,4-2=9,11-2=9,splitmerge_4_11,0,4,11,,,,,,,,,,'4;-;2;=;9','11;-;2;=;9'
100,6-3=5,6-3=3,within_glyph,4,5,3,,,,,,,,,,'6;-;3;=;5','6;-;3;=;3'
101,9=11-5,6=11-5,within_glyph,0,9,6,,,,,,,,,,'9;=;11;-;5','6;=;11;-;5'
102,4+6=16,4+6=10,within_glyph,5,6,0,,,,,,,,,,'4;+;6;=;1;6','4;+;6;=;1;0'
103,7-4=5,7-4=3,within_glyph,4,5,3,,,,,,,,,,'7;-;4;=;5','7;-;4;=;3'
104,5+9=5,5+0=5,within_glyph,2,9,0,,,,,,,,,,'5;+;9;=;5','5;+;0;=;5'
105,5+6=5,5+0=5,within_glyph,2,6,0,,,,,,,,,,'5;+;6;=;5','5;+;0;=;5'
106,11-7=11,11-7=4,splitmerge_4_11,4,11,4,,,,,,,,,,'11;-;7;=;11','11;-;7;=;4'
107,5-4=9,9-4=5,one_move_same_segment,4,9,5,0,5,9,,,,,,,'5;-;4;=;9','9;-;4;=;5'
108,4-3=2,4-2=2,within_glyph,2,3,2,,,,,,,,,,'4;-;3;=;2','4;-;2;=;2'
109,6+1=73,6+7=13,one_move_same_segment,4,7,1,2,1,7,,,,,,,'6;+;1;=;7;3','6;+;7;=;1;3'
110,11+0=17,11+6=17,within_glyph,2,0,6,,,,,,,,,,'11;+;0;=;1;7','11;+;6;=;1;7'
111,2+1=4,3+1=4,within_glyph,0,2,3,,,,,,,,,,'2;+;1;=;4','3;+;1;=;4'
112,2=3+0,3=3+0,within_glyph,0,2,3,,,,,,,,,,'2;=;3;+;0','3;=;3;+;0'
113,0+9=0,0+0=0,within_glyph,2,9,0,,,,,,,,,,'0;+;9;=;0','0;+;0;=;0'
114,6=7-7,0=7-7,within_glyph,0,6,0,,,,,,,,,,'6;=;7;-;7','0;=;7;-;7'
115,2+5=8,3+5=8,within_glyph,0,2,3,,,,,,,,,,'2;+;5;=;8','3;+;5;=;8'
116,0-0=9,9-0=9,within_glyph,0,0,9,,,,,,,,,,'0;-;0;=;9','9;-;0;=;9'
117,6+9=13,8+5=13,one_move_same_segment,2,9,5,0,6,8,,,,,,,'6;+;9;=;1;3','8;+;5;=;1;3'
118,9-2=6,9-3=6,within_glyph,2,2,3,,,,,,,,,,'9;-;2;=;6','9;-;3;=;6'
119,8+3=4,8+3=11,splitmerge_4_11,4,4,11,,,,,,,,,,'8;+;3;=;4','8;+;3;=;11'
120,8+1=75,8+7=15,one_move_same_segment,4,7,1,2,1,7,,,,,,,'8;+;1;=;7;5','8;+;7;=;1;5'
121,2+8=11,3+8=11,within_glyph,0,2,3,,,,,,,,,,'2;+;8;=;11','3;+;8;=;11'
122,11=5-6,11-5=6,one_move_same_segment,1,=,-,3,-,=,,,,,,,'11;=;5;-;6','11;-;5;=;6'
123,4-3=8,11-3=8,splitmerge_4_11,0,4,11,,,,,,,,,,'4;-;3;=;8','11;-;3;=;8'
124,3-5=0,3-3=0,within_glyph,2,5,3,,,,,,,,,,'3;-;5;=;0','3;-;3;=;0'
125,2=8-0,2=8-6,within_glyph,4,0,6,,,,,,,,,,'2;=;8;-;0','2;=;8;-;6'
126,2+11=6,2+4=6,splitmerge_4_11,2,11,4,,,,,,,,,,'2;+;11;=;6','2;+;4;=;6'
127,2+4=7,3+4=7,within_glyph,0,2,3,,,,,,,,,,'2;+;4;=;7','3;+;4;=;7'
128,6+11=15,5+11=16,one_move_same_segment,0,6,5,5,5,6,,,,,,,'6;+;11;=;1;5','5;+;11;=;1;6'
129,11-3=9,11-2=9,within_glyph,2,3,2,,,,,,,,,,'11;-;3;=;9','11;-;2;=;9'
130,10=2+7,10=3+7,within_glyph,3,2,3,,,,,,,,,,'1;0;=;2;+;7','1;0;=;3;+;7'
131,9+0=15,9+6=15,within_glyph,2,0,6,,,,,,,,,,'9;+;0;=;1;5','9;+;6;=;1;5'
132,9-9=3,9-6=3,within_glyph,2,9,6,,,,,,,,,,'9;-;9;=;3','9;-;6;=;3'
133,1-9=1,1-0=1,within_glyph,2,9,0,,,,,,,,,,'1;-;9;=;1','1;-;0;=;1'
134,12=9+2,12=9+3,within_glyph,5,2,3,,,,,,,,,,'1;2;=;9;+;2','1;2;=;9;+;3'
135,11=6+2,11=9+2,within_glyph,2,6,9,,,,,,,,,,'11;=;6;+;2','11;=;9;+;2'
136,5-2=1,3-2=1,within_glyph,0,5,3,,,,,,,,,,'5;-;2;=;1','3;-;2;=;1'
137,6-4=5,9-4=5,within_glyph,0,6,9,,,,,,,,,,'6;-;4;=;5','9;-;4;=;5'
138,7+2=10,7+3=10,within_glyph,2,2,3,,,,,,,,,,'7;+;2;=;1;0','7;+;3;=;1;0'
139,4+6=17,11+6=17,splitmerge_4_11,0,4,11,,,,,,,,,,'4;+;6;=;1;7','11;+;6;=;1;7'
140,11=3-8,11-3=8,one_move_same_segment,1,=,-,3,-,=,,,,,,,'11;=;3;-;8','11;-;3;=;8'
141,4-4=9,4-4=0,within_glyph,4,9,0,,,,,,,,,,'4;-;4;=;9','4;-;4;=;0'
142,0+0=9,9+0=9,within_glyph,0,0,9,,,,,,,,,,'0;+;0;=;9','9;+;0;=;9'
143,7=2-5,7-2=5,one_move_same_segment,1,=,-,3,-,=,,,,,,,'7;=;2;-;5','7;-;2;=;5'
144,9-2=4,6-2=4,within_glyph,0,9,6,,,,,,,,,,'9;-;2;=;4','6;-;2;=;4'
145,11-9=3,11-9=2,within_glyph,4,3,2,,,,,,,,,,'11;-;9;=;3','11;-;9;=;2'
146,4=71-1,4=11-7,one_move_same_segment,2,7,1,3,1,7,4,-,7,5,1,,'4;=;7;1;-;1',4;=;1;1;-;7'
147,4-5=6,11-5=6,splitmerge_4_11,0,4,11,,,,,,,,,,'4;-;5;=;6','11;-;5;=;6'
148,3+6=0,3+6=9,within_glyph,4,0,9,,,,,,,,,,'3;+;6;=;0','3;+;6;=;9'
149,5+8=11,3+8=11,within_glyph,0,5,3,,,,,,,,,,'5;+;8;=;11','3;+;8;=;11'
150,0+0=6,0+6=6,within_glyph,2,0,6,,,,,,,,,,'0;+;0;=;6','0;+;6;=;6'
151,3+1=70,3+7=10,one_move_same_segment,4,7,1,2,1,7,,,,,,,'3;+;1;=;7;0','3;+;7;=;1;0'
152,4+9=4,4+0=4,within_glyph,2,9,0,,,,,,,,,,'4;+;9;=;4','4;+;0;=;4'
153,9+8=14,6+8=14,within_glyph,0,9,6,,,,,,,,,,'9;+;8;=;1;4','6;+;8;=;1;4'
154,3-5=0,5-5=0,within_glyph,0,3,5,,,,,,,,,,'3;-;5;=;0','5;-;5;=;0'
155,4+3=19,4+9=13,one_move_same_segment,5,9,3,2,3,9,,,,,,,'4;+;3;=;1;9','4;+;9;=;1;3'
156,2+4=0,2+4=6,within_glyph,4,0,6,,,,,,,,,,'2;+;4;=;0','2;+;4;=;6'
157,8+5=15,9+6=15,one_move_same_segment,0,8,9,2,5,6,,,,,,,'8;+;5;=;1;5','9;+;6;=;1;5'
158,8+11=10,8+11=19,within_glyph,5,0,9,,,,,,,,,,'8;+;11;=;1;0','8;+;11;=;1;9'
159,3+8=4,3+8=11,splitmerge_4_11,4,4,11,,,,,,,,,,'3;+;8;=;4','3;+;8;=;11'
160,0+6=15,9+6=15,within_glyph,0,0,9,,,,,,,,,,'0;+;6;=;1;5','9;+;6;=;1;5'
161,9=5-4,9-5=4,one_move_same_segment,1,=,-,3,-,=,,,,,,,'9;=;5;-;4','9;-;5;=;4'
162,11-9=11,11-0=11,within_glyph,2,9,0,,,,,,,,,,'11;-;9;=;11','11;-;0;=;11'
163,3+4=14,3+11=14,splitmerge_4_11,2,4,11,,,,,,,,,,'3;+;4;=;1;4','3;+;11;=;1;4'
164,9=5+11,9=5+4,splitmerge_4_11,4,11,4,,,,,,,,,,'9;=;5;+;11','9;=;5;+;4'
165,6-4=3,6-4=2,within_glyph,4,3,2,,,,,,,,,,'6;-;4;=;3','6;-;4;=;2'
166,9=1-1,0=1-1,within_glyph,0,9,0,,,,,,,,,,'9;=;1;-;1','0;=;1;-;1'
167,5+11=14,3+11=14,within_glyph,0,5,3,,,,,,,,,,'5;+;11;=;1;4','3;+;11;=;1;4'
168,6+11=71,6+11=17,one_move_same_segment,4,7,1,5,1,7,,,,,,,'6;+;11;=;7;1','6;+;11;=;1;7'
169,7+6=12,7+6=13,within_glyph,5,2,3,,,,,,,,,,'7;+;6;=;1;2','7;+;6;=;1;3'
170,11+9=17,11+6=17,within_glyph,2,9,6,,,,,,,,,,'11;+;9;=;1;7','11;+;6;=;1;7'
171,8=3-5,8-3=5,one_move_same_segment,1,=,-,3,-,=,,,,,,,'8;=;3;-;5','8;-;3;=;5'
172,1+9=7,1+6=7,within_glyph,2,9,6,,,,,,,,,,'1;+;9;=;7','1;+;6;=;7'
173,8+6=17,8+9=17,within_glyph,2,6,9,,,,,,,,,,'8;+;6;=;1;7','8;+;9;=;1;7'
174,'4-1=6','4+1=5',operator_number,4,6,5,1,-,+,,,,,,,'4;-;1;=;6','4;+;1;=;5'
175,2-3=0,3-3=0,within_glyph,0,2,3,,,,,,,,,,'2;-;3;=;0','3;-;3;=;0'
176,6-8=2,8-6=2,one_move_same_segment,2,8,6,0,6,8,,,,,,,'6;-;8;=;2','8;-;6;=;2'
177,3+2=3,3+2=5,within_glyph,4,3,5,,,,,,,,,,'3;+;2;=;3','3;+;2;=;5'
178,6-5=3,6-3=3,within_glyph,2,5,3,,,,,,,,,,'6;-;5;=;3','6;-;3;=;3'
179,9+4=12,9+4=13,within_glyph,5,2,3,,,,,,,,,,'9;+;4;=;1;2','9;+;4;=;1;3'
180,6-9=3,8-5=3,one_move_same_segment,2,9,5,0,6,8,,,,,,,'6;-;9;=;3','8;-;5;=;3'
181,13=5+7,12=5+7,within_glyph,1,3,2,,,,,,,,,,'1;3;=;5;+;7','1;2;=;5;+;7'
182,8+9=19,9+9=18,one_move_same_segment,0,8,9,5,9,8,,,,,,,'8;+;9;=;1;9','9;+;9;=;1;8'
183,4-0=11,4-0=4,splitmerge_4_11,4,11,4,,,,,,,,,,'4;-;0;=;11','4;-;0;=;4'
184,5-5=2,5-3=2,within_glyph,2,5,3,,,,,,,,,,'5;-;5;=;2','5;-;3;=;2'
185,4-2=1,4-3=1,within_glyph,2,2,3,,,,,,,,,,'4;-;2;=;1','4;-;3;=;1'
186,0+5=3,0+3=3,within_glyph,2,5,3,,,,,,,,,,'0;+;5;=;3','0;+;3;=;3'
187,6+3=11,6+5=11,within_glyph,2,3,5,,,,,,,,,,'6;+;3;=;11','6;+;5;=;11'
188,6+5=5,0+5=5,within_glyph,0,6,0,,,,,,,,,,'6;+;5;=;5','0;+;5;=;5'
189,7-3=5,7-2=5,within_glyph,2,3,2,,,,,,,,,,'7;-;3;=;5','7;-;2;=;5'
190,7-1=9,7-1=6,within_glyph,4,9,6,,,,,,,,,,'7;-;1;=;9','7;-;1;=;6'
191,6+4=19,6+4=10,within_glyph,5,9,0,,,,,,,,,,'6;+;4;=;1;9','6;+;4;=;1;0'
192,2+1=5,2+1=3,within_glyph,4,5,3,,,,,,,,,,'2;+;1;=;5','2;+;1;=;3'
193,5+8=12,5+8=13,within_glyph,5,2,3,,,,,,,,,,'5;+;8;=;1;2','5;+;8;=;1;3'
194,5+4=6,5+4=9,within_glyph,4,6,9,,,,,,,,,,'5;+;4;=;6','5;+;4;=;9'
195,6=5-1,6-5=1,one_move_same_segment,1,=,-,3,-,=,,,,,,,'6;=;5;-;1','6;-;5;=;1'
196,9=4-5,9-4=5,one_move_same_segment,1,=,-,3,-,=,,,,,,,'9;=;4;-;5','9;-;4;=;5'
197,3+9=3,3+0=3,within_glyph,2,9,0,,,,,,,,,,'3;+;9;=;3','3;+;0;=;3'
198,11=7-4,11-7=4,one_move_same_segment,1,=,-,3,-,=,,,,,,,'11;=;7;-;4','11;-;7;=;4'
199,2+7=0,2+7=9,within_glyph,4,0,9,,,,,,,,,,'2;+;7;=;0','2;+;7;=;9'
200,3+9=11,2+9=11,within_glyph,0,3,2,,,,,,,,,,'3;+;9;=;11','2;+;9;=;11'
201,3+0=12,3+9=12,within_glyph,2,0,9,,,,,,,,,,'3;+;0;=;1;2','3;+;9;=;1;2'
202,2+6=9,3+6=9,within_glyph,0,2,3,,,,,,,,,,'2;+;6;=;9','3;+;6;=;9'
203,9+3=9,6+3=9,within_glyph,0,9,6,,,,,,,,,,'9;+;3;=;9','6;+;3;=;9'
204,11+1=13,11+1=12,within_glyph,5,3,2,,,,,,,,,,'11;+;1;=;1;3','11;+;1;=;1;2'
205,0+5=14,9+5=14,within_glyph,0,0,9,,,,,,,,,,'0;+;5;=;1;4','9;+;5;=;1;4'
206,8-5=5,8-5=3,within_glyph,4,5,3,,,,,,,,,,'8;-;5;=;5','8;-;5;=;3'
207,7=6+7,7=0+7,within_glyph,2,6,0,,,,,,,,,,'7;=;6;+;7','7;=;0;+;7'
208,5-0=3,3-0=3,within_glyph,0,5,3,,,,,,,,,,'5;-;0;=;3','3;-;0;=;3'
209,3+5=7,2+5=7,within_glyph,0,3,2,,,,,,,,,,'3;+;5;=;7','2;+;5;=;7'
210,5-6=1,6-5=1,one_move_same_segment,2,6,5,0,5,6,,,,,,,'5;-;6;=;1','6;-;5;=;1'
211,9=8-1,9-8=1,one_move_same_segment,1,=,-,3,-,=,,,,,,,'9;=;8;-;1','9;-;8;=;1'
212,8+8=0,0+8=8,one_move_same_segment,0,8,0,4,0,8,,,,,,,'8;+;8;=;0','0;+;8;=;8'
213,0+0=9,0+9=9,within_glyph,2,0,9,,,,,,,,,,'0;+;0;=;9','0;+;9;=;9'
214,9+9=9,0+9=9,within_glyph,0,9,0,,,,,,,,,,'9;+;9;=;9','0;+;9;=;9'
215,11-2=6,11-2=9,within_glyph,4,6,9,,,,,,,,,,'11;-;2;=;6','11;-;2;=;9'
216,5-3=8,9-3=6,one_move_same_segment,4,8,6,0,5,9,,,,,,,'5;-;3;=;8','9;-;3;=;6'
217,3+6=11,5+6=11,within_glyph,0,3,5,,,,,,,,,,'3;+;6;=;11','5;+;6;=;11'
218,11-1=16,11-1=10,within_glyph,5,6,0,,,,,,,,,,'11;-;1;=;1;6','11;-;1;=;1;0'
219,6=6-6,6=6-0,within_glyph,4,6,0,,,,,,,,,,'6;=;6;-;6','6;=;6;-;0'
220,6-3=2,6-3=3,within_glyph,4,2,3,,,,,,,,,,'6;-;3;=;2','6;-;3;=;3'
221,0+0=6,0+0=0,within_glyph,4,6,0,,,,,,,,,,'0;+;0;=;6','0;+;0;=;0'
222,3+0=5,5+0=5,within_glyph,0,3,5,,,,,,,,,,'3;+;0;=;5','5;+;0;=;5'
223,1+9=1,1+0=1,within_glyph,2,9,0,,,,,,,,,,'1;+;9;=;1','1;+;0;=;1'
224,0+4=11,0+11=11,splitmerge_4_11,2,4,11,,,,,,,,,,'0;+;4;=;11','0;+;11;=;11'
225,4+3=9,4+5=9,within_glyph,2,3,5,,,,,,,,,,'4;+;3;=;9','4;+;5;=;9'
226,9+8=71,9+8=17,one_move_same_segment,4,7,1,5,1,7,,,,,,,'9;+;8;=;7;1','9;+;8;=;1;7'
227,5+3=6,3+3=6,within_glyph,0,5,3,,,,,,,,,,'5;+;3;=;6','3;+;3;=;6'
228,5+1=4,3+1=4,within_glyph,0,5,3,,,,,,,,,,'5;+;1;=;4','3;+;1;=;4'
229,3=5-3,3=5-2,within_glyph,4,3,2,,,,,,,,,,'3;=;5;-;3','3;=;5;-;2'
230,13=4+8,12=4+8,within_glyph,1,3,2,,,,,,,,,,'1;3;=;4;+;8','1;2;=;4;+;8'
231,7-11=3,7-4=3,splitmerge_4_11,2,11,4,,,,,,,,,,'7;-;11;=;3','7;-;4;=;3'
232,11+8=12,4+8=12,splitmerge_4_11,0,11,4,,,,,,,,,,'11;+;8;=;1;2','4;+;8;=;1;2'
233,9+6=18,9+9=18,within_glyph,2,6,9,,,,,,,,,,'9;+;6;=;1;8','9;+;9;=;1;8'
234,0-0=6,6-0=6,within_glyph,0,0,6,,,,,,,,,,'0;-;0;=;6','6;-;0;=;6'
235,1+5=4,1+3=4,within_glyph,2,5,3,,,,,,,,,,'1;+;5;=;4','1;+;3;=;4'
236,4+6=19,4+6=10,within_glyph,5,9,0,,,,,,,,,,'4;+;6;=;1;9','4;+;6;=;1;0'
237,11+2=6,4+2=6,splitmerge_4_11,0,11,4,,,,,,,,,,'11;+;2;=;6','4;+;2;=;6'
238,5-3=3,5-3=2,within_glyph,4,3,2,,,,,,,,,,'5;-;3;=;3','5;-;3;=;2'
239,0-6=0,0-0=0,within_glyph,2,6,0,,,,,,,,,,'0;-;6;=;0','0;-;0;=;0'
240,3+4=6,2+4=6,within_glyph,0,3,2,,,,,,,,,,'3;+;4;=;6','2;+;4;=;6'
241,0+9=15,6+9=15,within_glyph,0,0,6,,,,,,,,,,'0;+;9;=;1;5','6;+;9;=;1;5'
242,9+9=9,9+0=9,within_glyph,2,9,0,,,,,,,,,,'9;+;9;=;9','9;+;0;=;9'
243,0+9=18,9+9=18,within_glyph,0,0,9,,,,,,,,,,'0;+;9;=;1;8','9;+;9;=;1;8'
244,7+9=10,7+9=16,within_glyph,5,0,6,,,,,,,,,,'7;+;9;=;1;0','7;+;9;=;1;6'
245,8+2=16,8+2=10,within_glyph,5,6,0,,,,,,,,,,'8;+;2;=;1;6','8;+;2;=;1;0'
246,3+6=8,2+6=8,within_glyph,0,3,2,,,,,,,,,,'3;+;6;=;8','2;+;6;=;8'
247,8-2=9,8-2=6,within_glyph,4,9,6,,,,,,,,,,'8;-;2;=;9','8;-;2;=;6'
248,2+8=19,2+8=10,within_glyph,5,9,0,,,,,,,,,,'2;+;8;=;1;9','2;+;8;=;1;0'
249,3+11=16,5+11=16,within_glyph,0,3,5,,,,,,,,,,'3;+;11;=;1;6','5;+;11;=;1;6'
250,9=8-1,8=9-1,one_move_same_segment,2,8,9,0,9,8,,,,,,,'9;=;8;-;1','8;=;9;-;1'
251,2+1=2,2+1=3,within_glyph,4,2,3,,,,,,,,,,'2;+;1;=;2','2;+;1;=;3'
252,11+6=15,11+5=16,one_move_same_segment,2,6,5,5,5,6,,,,,,,'11;+;6;=;1;5','11;+;5;=;1;6'
253,5+3=7,5+2=7,within_glyph,2,3,2,,,,,,,,,,'5;+;3;=;7','5;+;2;=;7'
254,6-0=0,0-0=0,within_glyph,0,6,0,,,,,,,,,,'6;-;0;=;0','0;-;0;=;0'
255,1+9=19,1+9=10,within_glyph,5,9,0,,,,,,,,,,'1;+;9;=;1;9','1;+;9;=;1;0'
256,4=0-2,4=6-2,within_glyph,2,0,6,,,,,,,,,,'4;=;0;-;2','4;=;6;-;2'
257,'1-4=6','1+4=5',operator_number,4,6,5,1,-,+,,,,,,,'1;-;4;=;6','1;+;4;=;5'
258,6-6=9,6-6=0,within_glyph,4,9,0,,,,,,,,,,'6;-;6;=;9','6;-;6;=;0'
259,11+11=15,4+11=15,splitmerge_4_11,0,11,4,,,,,,,,,,'11;+;11;=;1;5','4;+;11;=;1;5'
260,11-2=8,11-3=8,within_glyph,2,2,3,,,,,,,,,,'11;-;2;=;8','11;-;3;=;8'
261,6=4-2,6-4=2,one_move_same_segment,1,=,-,3,-,=,,,,,,,'6;=;4;-;2','6;-;4;=;2'
262,8+9=71,8+9=17,one_move_same_segment,4,7,1,5,1,7,,,,,,,'8;+;9;=;7;1','8;+;9;=;1;7'
263,11+5=10,11+5=16,within_glyph,5,0,6,,,,,,,,,,'11;+;5;=;1;0','11;+;5;=;1;6'
264,6-11=2,6-4=2,splitmerge_4_11,2,11,4,,,,,,,,,,'6;-;11;=;2','6;-;4;=;2'
265,11=5-1,4=5-1,splitmerge_4_11,0,11,4,,,,,,,,,,'11;=;5;-;1','4;=;5;-;1'
266,6+7=1,6+1=7,one_move_same_segment,2,7,1,4,1,7,,,,,,,'6;+;7;=;1','6;+;1;=;7'
267,8+7=13,8+7=15,within_glyph,5,3,5,,,,,,,,,,'8;+;7;=;1;3','8;+;7;=;1;5'
268,8=0-8,8-0=8,one_move_same_segment,1,=,-,3,-,=,,,,,,,'8;=;0;-;8','8;-;0;=;8'
269,3+7=12,5+7=12,within_glyph,0,3,5,,,,,,,,,,'3;+;7;=;1;2','5;+;7;=;1;2'
270,2+8=16,2+8=10,within_glyph,5,6,0,,,,,,,,,,'2;+;8;=;1;6','2;+;8;=;1;0'
271,6-0=0,6-6=0,within_glyph,2,0,6,,,,,,,,,,'6;-;0;=;0','6;-;6;=;0'
272,8+4=13,8+4=12,within_glyph,5,3,2,,,,,,,,,,'8;+;4;=;1;3','8;+;4;=;1;2'
273,2+9=8,2+6=8,within_glyph,2,9,6,,,,,,,,,,'2;+;9;=;8','2;+;6;=;8'
274,3+9=6,3+5=8,one_move_same_segment,2,9,5,4,6,8,,,,,,,'3;+;9;=;6','3;+;5;=;8'
275,7+4=18,7+11=18,splitmerge_4_11,2,4,11,,,,,,,,,,'7;+;4;=;1;8','7;+;11;=;1;8'
276,5+11=10,5+11=16,within_glyph,5,0,6,,,,,,,,,,'5;+;11;=;1;0','5;+;11;=;1;6'
277,4-2=3,4-2=2,within_glyph,4,3,2,,,,,,,,,,'4;-;2;=;3','4;-;2;=;2'
278,4+3=6,4+2=6,within_glyph,2,3,2,,,,,,,,,,'4;+;3;=;6','4;+;2;=;6'
279,1+6=5,1+5=6,one_move_same_segment,2,6,5,4,5,6,,,,,,,'1;+;6;=;5','1;+;5;=;6'
280,8+3=5,6+3=9,one_move_same_segment,0,8,6,4,5,9,,,,,,,'8;+;3;=;5','6;+;3;=;9'
281,3+0=9,3+6=9,within_glyph,2,0,6,,,,,,,,,,'3;+;0;=;9','3;+;6;=;9'
282,5-2=2,5-3=2,within_glyph,2,2,3,,,,,,,,,,'5;-;2;=;2','5;-;3;=;2'
283,6+9=13,6+9=15,within_glyph,5,3,5,,,,,,,,,,'6;+;9;=;1;3','6;+;9;=;1;5'
284,5+3=10,5+5=10,within_glyph,2,3,5,,,,,,,,,,'5;+;3;=;1;0','5;+;5;=;1;0'
285,9=0-9,9-0=9,one_move_same_segment,1,=,-,3,-,=,,,,,,,'9;=;0;-;9','9;-;0;=;9'
286,9+0=0,0+0=0,within_glyph,0,9,0,,,,,,,,,,'9;+;0;=;0','0;+;0;=;0'
287,7+6=7,7+0=7,within_glyph,2,6,0,,,,,,,,,,'7;+;6;=;7','7;+;0;=;7'
288,11-4=0,11-11=0,splitmerge_4_11,2,4,11,,,,,,,,,,'11;-;4;=;0','11;-;11;=;0'
289,6+5=9,6+3=9,within_glyph,2,5,3,,,,,,,,,,'6;+;5;=;9','6;+;3;=;9'
290,1+4=71,7+4=11,one_move_same_segment,4,7,1,0,1,7,5,1,7,,,,'1;+;4;=;7;1',7;+;4;=;1;1'
291,6+11=10,6+4=10,splitmerge_4_11,2,11,4,,,,,,,,,,'6;+;11;=;1;0','6;+;4;=;1;0'
292,11+5=19,11+5=16,within_glyph,5,9,6,,,,,,,,,,'11;+;5;=;1;9','11;+;5;=;1;6'
293,11-6=3,11-6=5,within_glyph,4,3,5,,,,,,,,,,'11;-;6;=;3','11;-;6;=;5'
294,2-9=2,2-0=2,within_glyph,2,9,0,,,,,,,,,,'2;-;9;=;2','2;-;0;=;2'
295,1+11=5,1+4=5,splitmerge_4_11,2,11,4,,,,,,,,,,'1;+;11;=;5','1;+;4;=;5'
296,7+5=10,7+3=10,within_glyph,2,5,3,,,,,,,,,,'7;+;5;=;1;0','7;+;3;=;1;0'
297,9-3=3,6-3=3,within_glyph,0,9,6,,,,,,,,,,'9;-;3;=;3','6;-;3;=;3'
298,11-0=4,11-0=11,splitmerge_4_11,4,4,11,,,,,,,,,,'11;-;0;=;4','11;-;0;=;11'
299,11-5=0,11-5=6,within_glyph,4,0,6,,,,,,,,,,'11;-;5;=;0','11;-;5;=;6'
300,3+2=4,2+2=4,within_glyph,0,3,2,,,,,,,,,,'3;+;2;=;4','2;+;2;=;4'
301,4+6=4,4+0=4,within_glyph,2,6,0,,,,,,,,,,'4;+;6;=;4','4;+;0;=;4'
302,3+3=5,3+2=5,within_glyph,2,3,2,,,,,,,,,,'3;+;3;=;5','3;+;2;=;5'
303,11+9=11,11+0=11,within_glyph,2,9,0,,,,,,,,,,'11;+;9;=;11','11;+;0;=;11'
304,3-3=6,3-3=0,within_glyph,4,6,0,,,,,,,,,,'3;-;3;=;6','3;-;3;=;0'
305,9=1+5,6=1+5,within_glyph,0,9,6,,,,,,,,,,'9;=;1;+;5','6;=;1;+;5'
306,5+5=8,3+5=8,within_glyph,0,5,3,,,,,,,,,,'5;+;5;=;8','3;+;5;=;8'
307,6-0=9,6-0=6,within_glyph,4,9,6,,,,,,,,,,'6;-;0;=;9','6;-;0;=;6'
308,16=3+7,10=3+7,within_glyph,1,6,0,,,,,,,,,,'1;6;=;3;+;7','1;0;=;3;+;7'
309,1+5=72,7+5=12,one_move_same_segment,4,7,1,0,1,7,,,,,,,'1;+;5;=;7;2','7;+;5;=;1;2'
310,9-6=0,6-6=0,within_glyph,0,9,6,,,,,,,,,,'9;-;6;=;0','6;-;6;=;0'
311,7+2=0,7+2=9,within_glyph,4,0,9,,,,,,,,,,'7;+;2;=;0','7;+;2;=;9'
312,0-4=5,9-4=5,within_glyph,0,0,9,,,,,,,,,,'0;-;4;=;5','9;-;4;=;5'
313,0+2=3,0+3=3,within_glyph,2,2,3,,,,,,,,,,'0;+;2;=;3','0;+;3;=;3'
314,6+4=16,6+4=10,within_glyph,5,6,0,,,,,,,,,,'6;+;4;=;1;6','6;+;4;=;1;0'
315,4+9=15,4+9=13,within_glyph,5,5,3,,,,,,,,,,'4;+;9;=;1;5','4;+;9;=;1;3'
316,1-7=6,7-1=6,one_move_same_segment,2,7,1,0,1,7,,,,,,,'1;-;7;=;6','7;-;1;=;6'
317,0=6+3,9=6+3,within_glyph,0,0,9,,,,,,,,,,'0;=;6;+;3','9;=;6;+;3'
318,2+6=2,2+0=2,within_glyph,2,6,0,,,,,,,,,,'2;+;6;=;2','2;+;0;=;2'
319,2-6=2,2-0=2,within_glyph,2,6,0,,,,,,,,,,'2;-;6;=;2','2;-;0;=;2'
320,9-0=0,0-0=0,within_glyph,0,9,0,,,,,,,,,,'9;-;0;=;0','0;-;0;=;0'
321,6-7=2,9-7=2,within_glyph,0,6,9,,,,,,,,,,'6;-;7;=;2','9;-;7;=;2'
322,3+9=14,5+9=14,within_glyph,0,3,5,,,,,,,,,,'3;+;9;=;1;4','5;+;9;=;1;4'
323,9+7=10,9+7=16,within_glyph,5,0,6,,,,,,,,,,'9;+;7;=;1;0','9;+;7;=;1;6'
324,3-1=4,5-1=4,within_glyph,0,3,5,,,,,,,,,,'3;-;1;=;4','5;-;1;=;4'
325,2+9=4,2+9=11,splitmerge_4_11,4,4,11,,,,,,,,,,'2;+;9;=;4','2;+;9;=;11'
326,9+1=19,9+1=10,within_glyph,5,9,0,,,,,,,,,,'9;+;1;=;1;9','9;+;1;=;1;0'
327,3+7=9,2+7=9,within_glyph,0,3,2,,,,,,,,,,'3;+;7;=;9','2;+;7;=;9'
328,2+8=6,2+6=8,one_move_same_segment,2,8,6,4,6,8,,,,,,,'2;+;8;=;6','2;+;6;=;8'
329,7=4-3,7-4=3,one_move_same_segment,1,=,-,3,-,=,,,,,,,'7;=;4;-;3','7;-;4;=;3'
330,0=1+5,6=1+5,within_glyph,0,0,6,,,,,,,,,,'0;=;1;+;5','6;=;1;+;5'
331,0=4-11,0=11-11,splitmerge_4_11,2,4,11,,,,,,,,,,'0;=;4;-;11','0;=;11;-;11'
332,2-3=0,2-2=0,within_glyph,2,3,2,,,,,,,,,,'2;-;3;=;0','2;-;2;=;0'
333,0+11=4,0+4=4,splitmerge_4_11,2,11,4,,,,,,,,,,'0;+;11;=;4','0;+;4;=;4'
334,5-9=4,9-5=4,one_move_same_segment,2,9,5,0,5,9,,,,,,,'5;-;9;=;4','9;-;5;=;4'
335,1=0-1,1-0=1,one_move_same_segment,1,=,-,3,-,=,,,,,,,'1;=;0;-;1','1;-;0;=;1'
336,9=1-8,9-1=8,one_move_same_segment,1,=,-,3,-,=,,,,,,,'9;=;1;-;8','9;-;1;=;8'
337,6-1=8,9-1=8,within_glyph,0,6,9,,,,,,,,,,'6;-;1;=;8','9;-;1;=;8'
338,7+11=11,7+4=11,splitmerge_4_11,2,11,4,,,,,,,,,,'7;+;11;=;11','7;+;4;=;11'
339,9=7-2,9-7=2,one_move_same_segment,1,=,-,3,-,=,,,,,,,'9;=;7;-;2','9;-;7;=;2'
340,5+7=18,9+7=16,one_move_same_segment,5,8,6,0,5,9,,,,,,,'5;+;7;=;1;8','9;+;7;=;1;6'
341,3+6=3,3+0=3,within_glyph,2,6,0,,,,,,,,,,'3;+;6;=;3','3;+;0;=;3'
342,0-8=8,8-8=0,one_move_same_segment,4,8,0,0,0,8,,,,,,,'0;-;8;=;8','8;-;8;=;0'
343,11=8-3,11-8=3,one_move_same_segment,1,=,-,3,-,=,,,,,,,'11;=;8;-;3','11;-;8;=;3'
344,2+5=5,2+3=5,within_glyph,2,5,3,,,,,,,,,,'2;+;5;=;5','2;+;3;=;5'
345,9+6=12,6+6=12,within_glyph,0,9,6,,,,,,,,,,'9;+;6;=;1;2','6;+;6;=;1;2'
346,2=1-1,2-1=1,one_move_same_segment,1,=,-,3,-,=,,,,,,,'2;=;1;-;1','2;-;1;=;1'
347,3+3=8,3+5=8,within_glyph,2,3,5,,,,,,,,,,'3;+;3;=;8','3;+;5;=;8'
348,8-8=9,8-8=0,within_glyph,4,9,0,,,,,,,,,,'8;-;8;=;9','8;-;8;=;0'
349,9-3=9,9-3=6,within_glyph,4,9,6,,,,,,,,,,'9;-;3;=;9','9;-;3;=;6'
350,8-2=5,8-3=5,within_glyph,2,2,3,,,,,,,,,,'8;-;2;=;5','8;-;3;=;5'
351,7+6=16,7+9=16,within_glyph,2,6,9,,,,,,,,,,'7;+;6;=;1;6','7;+;9;=;1;6'
352,7+5=13,7+5=12,within_glyph,5,3,2,,,,,,,,,,'7;+;5;=;1;3','7;+;5;=;1;2'
353,11+1=5,4+1=5,splitmerge_4_11,0,11,4,,,,,,,,,,'11;+;1;=;5','4;+;1;=;5'
354,4-1=10,11-1=10,splitmerge_4_11,0,4,11,,,,,,,,,,'4;-;1;=;1;0','11;-;1;=;1;0'
355,8+0=14,8+6=14,within_glyph,2,0,6,,,,,,,,,,'8;+;0;=;1;4','8;+;6;=;1;4'
356,3-0=2,2-0=2,within_glyph,0,3,2,,,,,,,,,,'3;-;0;=;2','2;-;0;=;2'
357,9+9=15,6+9=15,within_glyph,0,9,6,,,,,,,,,,'9;+;9;=;1;5','6;+;9;=;1;5'
358,11-11=6,11-11=0,within_glyph,4,6,0,,,,,,,,,,'11;-;11;=;6','11;-;11;=;0'
359,6+6=6,6+0=6,within_glyph,2,6,0,,,,,,,,,,'6;+;6;=;6','6;+;0;=;6'
360,5=9-1,5=6-1,within_glyph,2,9,6,,,,,,,,,,'5;=;9;-;1','5;=;6;-;1'
361,11+2=12,11+2=13,within_glyph,5,2,3,,,,,,,,,,'11;+;2;=;1;2','11;+;2;=;1;3'
362,4+4=15,11+4=15,splitmerge_4_11,0,4,11,,,,,,,,,,'4;+;4;=;1;5','11;+;4;=;1;5'
363,0+5=3,0+5=5,within_glyph,4,3,5,,,,,,,,,,'0;+;5;=;3','0;+;5;=;5'
364,4=2-2,4-2=2,one_move_same_segment,1,=,-,3,-,=,,,,,,,'4;=;2;-;2','4;-;2;=;2'
365,9+0=6,6+0=6,within_glyph,0,9,6,,,,,,,,,,'9;+;0;=;6','6;+;0;=;6'
366,'3-2=6','3+2=5',operator_number,4,6,5,1,-,+,,,,,,,'3;-;2;=;6','3;+;2;=;5'
367,7-9=7,7-0=7,within_glyph,2,9,0,,,,,,,,,,'7;-;9;=;7','7;-;0;=;7'
368,11+4=13,11+4=15,within_glyph,5,3,5,,,,,,,,,,'11;+;4;=;1;3','11;+;4;=;1;5'
369,3=0-3,3-0=3,one_move_same_segment,1,=,-,3,-,=,,,,,,,'3;=;0;-;3','3;-;0;=;3'
370,17-1=4,11-7=4,one_move_same_segment,1,7,1,0,1,7,2,-,7,3,1,=,'1;7;-;1;=;4',1;1;-;7;=;4'
371,9+1=8,8+1=9,one_move_same_segment,4,8,9,0,9,8,,,,,,,'9;+;1;=;8','8;+;1;=;9'
372,7+6=19,7+8=15,one_move_same_segment,5,9,5,2,6,8,,,,,,,'7;+;6;=;1;9','7;+;8;=;1;5'
373,4-4=6,4-4=0,within_glyph,4,6,0,,,,,,,,,,'4;-;4;=;6','4;-;4;=;0'
374,6+9=6,6+0=6,within_glyph,2,9,0,,,,,,,,,,'6;+;9;=;6','6;+;0;=;6'
375,5+0=11,5+6=11,within_glyph,2,0,6,,,,,,,,,,'5;+;0;=;11','5;+;6;=;11'
376,6+2=2,0+2=2,within_glyph,0,6,0,,,,,,,,,,'6;+;2;=;2','0;+;2;=;2'
377,'2-9=7','2+5=7',operator_number,2,9,5,1,-,+,,,,,,,'2;-;9;=;7','2;+;5;=;7'
378,9+5=11,6+5=11,within_glyph,0,9,6,,,,,,,,,,'9;+;5;=;11','6;+;5;=;11'
379,5+4=0,5+4=9,within_glyph,4,0,9,,,,,,,,,,'5;+;4;=;0','5;+;4;=;9'
380,4-6=4,4-0=4,within_glyph,2,6,0,,,,,,,,,,'4;-;6;=;4','4;-;0;=;4'
381,6+9=9,0+9=9,within_glyph,0,6,0,,,,,,,,,,'6;+;9;=;9','0;+;9;=;9'
382,0+6=9,0+6=6,within_glyph,4,9,6,,,,,,,,,,'0;+;6;=;9','0;+;6;=;6'
383,0=5-3,0=5-5,within_glyph,4,3,5,,,,,,,,,,'0;=;5;-;3','0;=;5;-;5'
384,2+2=5,3+2=5,within_glyph,0,2,3,,,,,,,,,,'2;+;2;=;5','3;+;2;=;5'
385,3+3=0,3+3=6,within_glyph,4,0,6,,,,,,,,,,'3;+;3;=;0','3;+;3;=;6'
386,2+11=14,3+11=14,within_glyph,0,2,3,,,,,,,,,,'2;+;11;=;1;4','3;+;11;=;1;4'
387,8-6=3,8-6=2,within_glyph,4,3,2,,,,,,,,,,'8;-;6;=;3','8;-;6;=;2'
388,3-3=1,3-2=1,within_glyph,2,3,2,,,,,,,,,,'3;-;3;=;1','3;-;2;=;1'
389,9+1=1,0+1=1,within_glyph,0,9,0,,,,,,,,,,'9;+;1;=;1','0;+;1;=;1'
390,2+3=4,2+2=4,within_glyph,2,3,2,,,,,,,,,,'2;+;3;=;4','2;+;2;=;4'
391,4=0-4,4-0=4,one_move_same_segment,1,=,-,3,-,=,,,,,,,'4;=;0;-;4','4;-;0;=;4'
392,6-8=1,9-8=1,within_glyph,0,6,9,,,,,,,,,,'6;-;8;=;1','9;-;8;=;1'
393,0-5=1,6-5=1,within_glyph,0,0,6,,,,,,,,,,'0;-;5;=;1','6;-;5;=;1'
394,7+1=74,7+7=14,one_move_same_segment,4,7,1,2,1,7,,,,,,,'7;+;1;=;7;4','7;+;7;=;1;4'
395,9+3=11,9+2=11,within_glyph,2,3,2,,,,,,,,,,'9;+;3;=;11','9;+;2;=;11'
396,3-4=1,5-4=1,within_glyph,0,3,5,,,,,,,,,,'3;-;4;=;1','5;-;4;=;1'
397,3+2=7,5+2=7,within_glyph,0,3,5,,,,,,,,,,'3;+;2;=;7','5;+;2;=;7'
398,6-9=0,6-6=0,within_glyph,2,9,6,,,,,,,,,,'6;-;9;=;0','6;-;6;=;0'
399,5-5=9,5-5=0,within_glyph,4,9,0,,,,,,,,,,'5;-;5;=;9','5;-;5;=;0'
400,3+1=3,2+1=3,within_glyph,0,3,2,,,,,,,,,,'3;+;1;=;3','2;+;1;=;3'
401,7=5-2,7-5=2,one_move_same_segment,1,=,-,3,-,=,,,,,,,'7;=;5;-;2','7;-;5;=;2'
402,11-8=5,11-8=3,within_glyph,4,5,3,,,,,,,,,,'11;-;8;=;5','11;-;8;=;3'
403,6-6=6,6-6=0,within_glyph,4,6,0,,,,,,,,,,'6;-;6;=;6','6;-;6;=;0'
404,5-0=3,5-0=5,within_glyph,4,3,5,,,,,,,,,,'5;-;0;=;3','5;-;0;=;5'
405,6+0=0,6+0=6,within_glyph,4,0,6,,,,,,,,,,'6;+;0;=;0','6;+;0;=;6'
406,4+11=8,4+4=8,splitmerge_4_11,2,11,4,,,,,,,,,,'4;+;11;=;8','4;+;4;=;8'
407,7=0-7,7-0=7,one_move_same_segment,1,=,-,3,-,=,,,,,,,'7;=;0;-;7','7;-;0;=;7'
408,0+11=20,9+11=20,within_glyph,0,0,9,,,,,,,,,,'0;+;11;=;2;0','9;+;11;=;2;0'
409,7+6=15,7+6=13,within_glyph,5,5,3,,,,,,,,,,'7;+;6;=;1;5','7;+;6;=;1;3'
410,9-0=0,9-9=0,within_glyph,2,0,9,,,,,,,,,,'9;-;0;=;0','9;-;9;=;0'
411,5+6=4,5+6=11,splitmerge_4_11,4,4,11,,,,,,,,,,'5;+;6;=;4','5;+;6;=;11'
412,0+4=10,6+4=10,within_glyph,0,0,6,,,,,,,,,,'0;+;4;=;1;0','6;+;4;=;1;0'
413,1+2=5,1+2=3,within_glyph,4,5,3,,,,,,,,,,'1;+;2;=;5','1;+;2;=;3'
414,'0+8=0','8-8=0',operator_number,1,+,-,0,0,8,,,,,,,'0;+;8;=;0','8;-;8;=;0'
415,4+3=14,11+3=14,splitmerge_4_11,0,4,11,,,,,,,,,,'4;+;3;=;1;4','11;+;3;=;1;4'
416,0+8=17,9+8=17,within_glyph,0,0,9,,,,,,,,,,'0;+;8;=;1;7','9;+;8;=;1;7'
417,11-5=8,11-3=8,within_glyph,2,5,3,,,,,,,,,,'11;-;5;=;8','11;-;3;=;8'
418,0-0=6,0-0=0,within_glyph,4,6,0,,,,,,,,,,'0;-;0;=;6','0;-;0;=;0'
419,11-4=0,4-4=0,splitmerge_4_11,0,11,4,,,,,,,,,,'11;-;4;=;0','4;-;4;=;0'
420,4+8=19,11+8=19,splitmerge_4_11,0,4,11,,,,,,,,,,'4;+;8;=;1;9','11;+;8;=;1;9'
421,0+4=11,0+4=4,splitmerge_4_11,4,11,4,,,,,,,,,,'0;+;4;=;11','0;+;4;=;4'
422,3+0=2,2+0=2,within_glyph,0,3,2,,,,,,,,,,'3;+;0;=;2','2;+;0;=;2'
423,8+8=10,8+8=16,within_glyph,5,0,6,,,,,,,,,,'8;+;8;=;1;0','8;+;8;=;1;6'
424,9-6=0,9-9=0,within_glyph,2,6,9,,,,,,,,,,'9;-;6;=;0','9;-;9;=;0'
425,11+9=18,11+8=19,one_move_same_segment,5,8,9,2,9,8,,,,,,,'11;+;9;=;1;8','11;+;8;=;1;9'
426,3+0=5,3+0=3,within_glyph,4,5,3,,,,,,,,,,'3;+;0;=;5','3;+;0;=;3'
427,5+7=10,3+7=10,within_glyph,0,5,3,,,,,,,,,,'5;+;7;=;1;0','3;+;7;=;1;0'
428,0+2=11,9+2=11,within_glyph,0,0,9,,,,,,,,,,'0;+;2;=;11','9;+;2;=;11'
429,2+7=6,2+7=9,within_glyph,4,6,9,,,,,,,,,,'2;+;7;=;6','2;+;7;=;9'
430,3-1=1,2-1=1,within_glyph,0,3,2,,,,,,,,,,'3;-;1;=;1','2;-;1;=;1'
431,'2-3=6','2+3=5',operator_number,4,6,5,1,-,+,,,,,,,'2;-;3;=;6','2;+;3;=;5'
432,9+1=76,9+7=16,one_move_same_segment,4,7,1,2,1,7,,,,,,,'9;+;1;=;7;6','9;+;7;=;1;6'
433,2+9=12,3+9=12,within_glyph,0,2,3,,,,,,,,,,'2;+;9;=;1;2','3;+;9;=;1;2'
434,4+9=12,4+9=13,within_glyph,5,2,3,,,,,,,,,,'4;+;9;=;1;2','4;+;9;=;1;3'
435,11=0-11,11-0=11,one_move_same_segment,1,=,-,3,-,=,,,,,,,'11;=;0;-;11','11;-;0;=;11'
436,4=0-5,4=9-5,within_glyph,2,0,9,,,,,,,,,,'4;=;0;-;5','4;=;9;-;5'
437,19=5+6,15=9+6,one_move_same_segment,1,9,5,3,5,9,,,,,,,'1;9;=;5;+;6','1;5;=;9;+;6'
438,7-9=1,7-6=1,within_glyph,2,9,6,,,,,,,,,,'7;-;9;=;1','7;-;6;=;1'
439,9-5=6,9-3=6,within_glyph,2,5,3,,,,,,,,,,'9;-;5;=;6','9;-;3;=;6'
440,3+3=9,3+3=6,within_glyph,4,9,6,,,,,,,,,,'3;+;3;=;9','3;+;3;=;6'
441,11+9=13,4+9=13,splitmerge_4_11,0,11,4,,,,,,,,,,'11;+;9;=;1;3','4;+;9;=;1;3'
442,1+0=10,1+9=10,within_glyph,2,0,9,,,,,,,,,,'1;+;0;=;1;0','1;+;9;=;1;0'
443,9+8=8,0+8=8,within_glyph,0,9,0,,,,,,,,,,'9;+;8;=;8','0;+;8;=;8'
444,8=4-4,8-4=4,one_move_same_segment,1,=,-,3,-,=,,,,,,,'8;=;4;-;4','8;-;4;=;4'
445,3+3=5,2+3=5,within_glyph,0,3,2,,,,,,,,,,'3;+;3;=;5','2;+;3;=;5'
446,3=1-2,3-1=2,one_move_same_segment,1,=,-,3,-,=,,,,,,,'3;=;1;-;2','3;-;1;=;2'
447,2+0=11,2+9=11,within_glyph,2,0,9,,,,,,,,,,'2;+;0;=;11','2;+;9;=;11'
448,5=4-1,5-4=1,one_move_same_segment,1,=,-,3,-,=,,,,,,,'5;=;4;-;1','5;-;4;=;1'
449,0-1=5,6-1=5,within_glyph,0,0,6,,,,,,,,,,'0;-;1;=;5','6;-;1;=;5'
450,1+2=4,1+3=4,within_glyph,2,2,3,,,,,,,,,,'1;+;2;=;4','1;+;3;=;4'
451,9-4=3,9-4=5,within_glyph,4,3,5,,,,,,,,,,'9;-;4;=;3','9;-;4;=;5'
452,3+8=13,5+8=13,within_glyph,0,3,5,,,,,,,,,,'3;+;8;=;1;3','5;+;8;=;1;3'
453,0-3=3,6-3=3,within_glyph,0,0,6,,,,,,,,,,'0;-;3;=;3','6;-;3;=;3'
454,5+2=8,5+3=8,within_glyph,2,2,3,,,,,,,,,,'5;+;2;=;8','5;+;3;=;8'
455,9+6=6,0+6=6,within_glyph,0,9,0,,,,,,,,,,'9;+;6;=;6','0;+;6;=;6'
456,11+11=32,11+11=22,within_glyph,4,3,2,,,,,,,,,,'11;+;11;=;3;2','11;+;11;=;2;2'
457,11+2=15,11+2=13,within_glyph,5,5,3,,,,,,,,,,'11;+;2;=;1;5','11;+;2;=;1;3'
458,11-0=4,4-0=4,splitmerge_4_11,0,11,4,,,,,,,,,,'11;-;0;=;4','4;-;0;=;4'
459,2-1=2,3-1=2,within_glyph,0,2,3,,,,,,,,,,'2;-;1;=;2','3;-;1;=;2'
460,6-5=4,9-5=4,within_glyph,0,6,9,,,,,,,,,,'6;-;5;=;4','9;-;5;=;4'
461,11+6=11,11+0=11,within_glyph,2,6,0,,,,,,,,,,'11;+;6;=;11','11;+;0;=;11'
462,9+6=13,8+5=13,one_move_same_segment,2,6,5,0,9,8,,,,,,,'9;+;6;=;1;3','8;+;5;=;1;3'
463,3-0=5,3-0=3,within_glyph,4,5,3,,,,,,,,,,'3;-;0;=;5','3;-;0;=;3'
464,4+4=15,4+11=15,splitmerge_4_11,2,4,11,,,,,,,,,,'4;+;4;=;1;5','4;+;11;=;1;5'
465,8-6=8,8-0=8,within_glyph,2,6,0,,,,,,,,,,'8;-;6;=;8','8;-;0;=;8'
466,5+9=12,3+9=12,within_glyph,0,5,3,,,,,,,,,,'5;+;9;=;1;2','3;+;9;=;1;2'
467,11+0=20,11+9=20,within_glyph,2,0,9,,,,,,,,,,'11;+;0;=;2;0','11;+;9;=;2;0'
468,1+8=0,1+8=9,within_glyph,4,0,9,,,,,,,,,,'1;+;8;=;0','1;+;8;=;9'
469,1+4=3,1+4=5,within_glyph,4,3,5,,,,,,,,,,'1;+;4;=;3','1;+;4;=;5'
470,9-6=9,9-0=9,within_glyph,2,6,0,,,,,,,,,,'9;-;6;=;9','9;-;0;=;9'
471,3+4=19,9+4=13,one_move_same_segment,5,9,3,0,3,9,,,,,,,'3;+;4;=;1;9','9;+;4;=;1;3'
472,0+3=5,0+5=5,within_glyph,2,3,5,,,,,,,,,,'0;+;3;=;5','0;+;5;=;5'
473,11=4-7,11-4=7,one_move_same_segment,1,=,-,3,-,=,,,,,,,'11;=;4;-;7','11;-;4;=;7'
474,5-2=5,5-2=3,within_glyph,4,5,3,,,,,,,,,,'5;-;2;=;5','5;-;2;=;3'
475,4+5=0,4+5=9,within_glyph,4,0,9,,,,,,,,,,'4;+;5;=;0','4;+;5;=;9'
476,6+4=17,6+11=17,splitmerge_4_11,2,4,11,,,,,,,,,,'6;+;4;=;1;7','6;+;11;=;1;7'
477,0+3=2,0+2=2,within_glyph,2,3,2,,,,,,,,,,'0;+;3;=;2','0;+;2;=;2'
478,0-3=6,9-3=6,within_glyph,0,0,9,,,,,,,,,,'0;-;3;=;6','9;-;3;=;6'
479,0+1=10,9+1=10,within_glyph,0,0,9,,,,,,,,,,'0;+;1;=;1;0','9;+;1;=;1;0'
480,9+3=13,9+3=12,within_glyph,5,3,2,,,,,,,,,,'9;+;3;=;1;3','9;+;3;=;1;2'
481,4+0=10,4+6=10,within_glyph,2,0,6,,,,,,,,,,'4;+;0;=;1;0','4;+;6;=;1;0'
482,9+11=17,6+11=17,within_glyph,0,9,6,,,,,,,,,,'9;+;11;=;1;7','6;+;11;=;1;7'
483,2=0-2,2-0=2,one_move_same_segment,1,=,-,3,-,=,,,,,,,'2;=;0;-;2','2;-;0;=;2'
484,2+11=15,2+11=13,within_glyph,5,5,3,,,,,,,,,,'2;+;11;=;1;5','2;+;11;=;1;3'
485,9-11=5,9-4=5,splitmerge_4_11,2,11,4,,,,,,,,,,'9;-;11;=;5','9;-;4;=;5'
486,11=1-10,11-1=10,one_move_same_segment,1,=,-,3,-,=,,,,,,,'11;=;1;-;1;0','11;-;1;=;1;0'
487,9+11=30,9+11=20,within_glyph,4,3,2,,,,,,,,,,'9;+;11;=;3;0','9;+;11;=;2;0'
488,9+7=19,9+7=16,within_glyph,5,9,6,,,,,,,,,,'9;+;7;=;1;9','9;+;7;=;1;6'
489,1+6=10,1+9=10,within_glyph,2,6,9,,,,,,,,,,'1;+;6;=;1;0','1;+;9;=;1;0'
490,5-3=0,3-3=0,within_glyph,0,5,3,,,,,,,,,,'5;-;3;=;0','3;-;3;=;0'
491,6-3=4,6-2=4,within_glyph,2,3,2,,,,,,,,,,'6;-;3;=;4','6;-;2;=;4'
492,8+9=14,8+6=14,within_glyph,2,9,6,,,,,,,,,,'8;+;9;=;1;4','8;+;6;=;1;4'
493,9+2=2,0+2=2,within_glyph,0,9,0,,,,,,,,,,'9;+;2;=;2','0;+;2;=;2'
494,9+5=5,0+5=5,within_glyph,0,9,0,,,,,,,,,,'9;+;5;=;5','0;+;5;=;5'
495,4+9=20,11+9=20,splitmerge_4_11,0,4,11,,,,,,,,,,'4;+;9;=;2;0','11;+;9;=;2;0'
496,6+6=15,9+6=15,within_glyph,0,6,9,,,,,,,,,,'6;+;6;=;1;5','9;+;6;=;1;5'
497,6+9=13,5+8=13,one_move_same_segment,0,6,5,2,9,8,,,,,,,'6;+;9;=;1;3','5;+;8;=;1;3'
498,7+8=13,7+8=15,within_glyph,5,3,5,,,,,,,,,,'7;+;8;=;1;3','7;+;8;=;1;5'
499,7+9=19,7+9=16,within_glyph,5,9,6,,,,,,,,,,'7;+;9;=;1;9','7;+;9;=;1;6'
500,5=3-2,5-3=2,one_move_same_segment,1,=,-,3,-,=,,,,,,,'5;=;3;-;2','5;-;3;=;2'
501,6=3+5,6=3+3,within_glyph,4,5,3,,,,,,,,,,'6;=;3;+;5','6;=;3;+;3'
502,8-2=0,8-2=6,within_glyph,4,0,6,,,,,,,,,,'8;-;2;=;0','8;-;2;=;6'
503,9+3=3,0+3=3,within_glyph,0,9,0,,,,,,,,,,'9;+;3;=;3','0;+;3;=;3'
504,9+0=6,9+0=9,within_glyph,4,6,9,,,,,,,,,,'9;+;0;=;6','9;+;0;=;9'
505,11=6-5,11-6=5,one_move_same_segment,1,=,-,3,-,=,,,,,,,'11;=;6;-;5','11;-;6;=;5'
506,11+0=4,4+0=4,splitmerge_4_11,0,11,4,,,,,,,,,,'11;+;0;=;4','4;+;0;=;4'
507,2+0=18,2+8=10,one_move_same_segment,5,8,0,2,0,8,,,,,,,'2;+;0;=;1;8','2;+;8;=;1;0'
508,7-1=0,7-1=6,within_glyph,4,0,6,,,,,,,,,,'7;-;1;=;0','7;-;1;=;6'
509,4-8=3,11-8=3,splitmerge_4_11,0,4,11,,,,,,,,,,'4;-;8;=;3','11;-;8;=;3'
510,4-1=5,4-1=3,within_glyph,4,5,3,,,,,,,,,,'4;-;1;=;5','4;-;1;=;3'
511,5-2=2,5-2=3,within_glyph,4,2,3,,,,,,,,,,'5;-;2;=;2','5;-;2;=;3'
512,11+6=20,11+9=20,within_glyph,2,6,9,,,,,,,,,,'11;+;6;=;2;0','11;+;9;=;2;0'
513,3=9-0,3=9-6,within_glyph,4,0,6,,,,,,,,,,'3;=;9;-;0','3;=;9;-;6'
514,8+8=0,8+0=8,one_move_same_segment,2,8,0,4,0,8,,,,,,,'8;+;8;=;0','8;+;0;=;8'
515,8-3=3,8-3=5,within_glyph,4,3,5,,,,,,,,,,'8;-;3;=;3','8;-;3;=;5'
516,3-6=9,9-6=3,one_move_same_segment,4,9,3,0,3,9,,,,,,,'3;-;6;=;9','9;-;6;=;3'
517,9-7=3,9-7=2,within_glyph,4,3,2,,,,,,,,,,'9;-;7;=;3','9;-;7;=;2'
518,11+9=29,11+9=20,within_glyph,5,9,0,,,,,,,,,,'11;+;9;=;2;9','11;+;9;=;2;0'
519,6+5=14,9+5=14,within_glyph,0,6,9,,,,,,,,,,'6;+;5;=;1;4','9;+;5;=;1;4'
520,6+9=3,6+3=9,one_move_same_segment,2,9,3,4,3,9,,,,,,,'6;+;9;=;3','6;+;3;=;9'
521,11+9=30,11+9=20,within_glyph,4,3,2,,,,,,,,,,'11;+;9;=;3;0','11;+;9;=;2;0'
522,7+3=19,7+3=10,within_glyph,5,9,0,,,,,,,,,,'7;+;3;=;1;9','7;+;3;=;1;0'
523,1+4=12,1+11=12,splitmerge_4_11,2,4,11,,,,,,,,,,'1;+;4;=;1;2','1;+;11;=;1;2'
524,8=8+9,8=8+0,within_glyph,4,9,0,,,,,,,,,,'8;=;8;+;9','8;=;8;+;0'
525,1+8=75,7+8=15,one_move_same_segment,4,7,1,0,1,7,,,,,,,'1;+;8;=;7;5','7;+;8;=;1;5'
526,9-6=2,9-6=3,within_glyph,4,2,3,,,,,,,,,,'9;-;6;=;2','9;-;6;=;3'
527,8+8=19,8+8=16,within_glyph,5,9,6,,,,,,,,,,'8;+;8;=;1;9','8;+;8;=;1;6'
528,6=1-1,0=1-1,within_glyph,0,6,0,,,,,,,,,,'6;=;1;-;1','0;=;1;-;1'
529,3+8=10,2+8=10,within_glyph,0,3,2,,,,,,,,,,'3;+;8;=;1;0','2;+;8;=;1;0'
530,1+9=76,7+9=16,one_move_same_segment,4,7,1,0,1,7,,,,,,,'1;+;9;=;7;6','7;+;9;=;1;6'
531,4+7=4,4+7=11,splitmerge_4_11,4,4,11,,,,,,,,,,'4;+;7;=;4','4;+;7;=;11'
532,8=6-2,8-6=2,one_move_same_segment,1,=,-,3,-,=,,,,,,,'8;=;6;-;2','8;-;6;=;2'
533,6=3-3,6-3=3,one_move_same_segment,1,=,-,3,-,=,,,,,,,'6;=;3;-;3','6;-;3;=;3'
534,9+6=9,9+0=9,within_glyph,2,6,0,,,,,,,,,,'9;+;6;=;9','9;+;0;=;9'
535,7+3=9,7+2=9,within_glyph,2,3,2,,,,,,,,,,'7;+;3;=;9','7;+;2;=;9'
536,1+3=11,1+3=4,splitmerge_4_11,4,11,4,,,,,,,,,,'1;+;3;=;11','1;+;3;=;4'
537,1+9=8,1+8=9,one_move_same_segment,4,8,9,2,9,8,,,,,,,'1;+;9;=;8','1;+;8;=;9'
538,5+8=15,9+6=15,one_move_same_segment,2,8,6,0,5,9,,,,,,,'5;+;8;=;1;5','9;+;6;=;1;5'
539,8+0=17,8+9=17,within_glyph,2,0,9,,,,,,,,,,'8;+;0;=;1;7','8;+;9;=;1;7'
540,0-9=0,0-0=0,within_glyph,2,9,0,,,,,,,,,,'0;-;9;=;0','0;-;0;=;0'
541,9+5=12,9+3=12,within_glyph,2,5,3,,,,,,,,,,'9;+;5;=;1;2','9;+;3;=;1;2'
542,5+0=3,5+0=5,within_glyph,4,3,5,,,,,,,,,,'5;+;0;=;3','5;+;0;=;5'
543,5+0=3,3+0=3,within_glyph,0,5,3,,,,,,,,,,'5;+;0;=;3','3;+;0;=;3'
544,8-9=2,8-6=2,within_glyph,2,9,6,,,,,,,,,,'8;-;9;=;2','8;-;6;=;2'
545,6-2=11,6-2=4,splitmerge_4_11,4,11,4,,,,,,,,,,'6;-;2;=;11','6;-;2;=;4'
546,8+1=6,8+1=9,within_glyph,4,6,9,,,,,,,,,,'8;+;1;=;6','8;+;1;=;9'
547,6-2=8,8-2=6,one_move_same_segment,4,8,6,0,6,8,,,,,,,'6;-;2;=;8','8;-;2;=;6'
548,2=3-0,3=3-0,within_glyph,0,2,3,,,,,,,,,,'2;=;3;-;0','3;=;3;-;0'
549,6+6=13,6+6=12,within_glyph,5,3,2,,,,,,,,,,'6;+;6;=;1;3','6;+;6;=;1;2'
550,1+8=6,1+8=9,within_glyph,4,6,9,,,,,,,,,,'1;+;8;=;6','1;+;8;=;9'
551,9-0=6,9-0=9,within_glyph,4,6,9,,,,,,,,,,'9;-;0;=;6','9;-;0;=;9'
552,5+9=16,6+9=15,one_move_same_segment,5,6,5,0,5,6,,,,,,,'5;+;9;=;1;6','6;+;9;=;1;5'
553,11+2=14,11+3=14,within_glyph,2,2,3,,,,,,,,,,'11;+;2;=;1;4','11;+;3;=;1;4'
554,6-9=6,6-0=6,within_glyph,2,9,0,,,,,,,,,,'6;-;9;=;6','6;-;0;=;6'
555,6+1=10,9+1=10,within_glyph,0,6,9,,,,,,,,,,'6;+;1;=;1;0','9;+;1;=;1;0'
556,5-11=1,5-4=1,splitmerge_4_11,2,11,4,,,,,,,,,,'5;-;11;=;1','5;-;4;=;1'
557,1+7=74,7+7=14,one_move_same_segment,4,7,1,0,1,7,,,,,,,'1;+;7;=;7;4','7;+;7;=;1;4'
558,8+2=11,8+3=11,within_glyph,2,2,3,,,,,,,,,,'8;+;2;=;11','8;+;3;=;11'
559,4-4=7,11-4=7,splitmerge_4_11,0,4,11,,,,,,,,,,'4;-;4;=;7','11;-;4;=;7'
560,11+3=16,11+5=16,within_glyph,2,3,5,,,,,,,,,,'11;+;3;=;1;6','11;+;5;=;1;6'
561,5=1-4,5-1=4,one_move_same_segment,1,=,-,3,-,=,,,,,,,'5;=;1;-;4','5;-;1;=;4'
562,3+7=19,3+7=10,within_glyph,5,9,0,,,,,,,,,,'3;+;7;=;1;9','3;+;7;=;1;0'
563,2-2=9,2-2=0,within_glyph,4,9,0,,,,,,,,,,'2;-;2;=;9','2;-;2;=;0'
564,5-8=3,9-6=3,one_move_same_segment,2,8,6,0,5,9,,,,,,,'5;-;8;=;3','9;-;6;=;3'
565,12=6+9,12=6+6,within_glyph,5,9,6,,,,,,,,,,'1;2;=;6;+;9','1;2;=;6;+;6'
566,0+2=18,8+2=10,one_move_same_segment,5,8,0,0,0,8,,,,,,,'0;+;2;=;1;8','8;+;2;=;1;0'
567,11+8=10,11+8=19,within_glyph,5,0,9,,,,,,,,,,'11;+;8;=;1;0','11;+;8;=;1;9'
568,2+4=9,2+4=6,within_glyph,4,9,6,,,,,,,,,,'2;+;4;=;9','2;+;4;=;6'
569,6+0=12,6+6=12,within_glyph,2,0,6,,,,,,,,,,'6;+;0;=;1;2','6;+;6;=;1;2'
570,3=2-1,3-2=1,one_move_same_segment,1,=,-,3,-,=,,,,,,,'3;=;2;-;1','3;-;2;=;1'
571,5+4=7,3+4=7,within_glyph,0,5,3,,,,,,,,,,'5;+;4;=;7','3;+;4;=;7'
572,4+5=6,4+5=9,within_glyph,4,6,9,,,,,,,,,,'4;+;5;=;6','4;+;5;=;9'
573,2+2=11,2+2=4,splitmerge_4_11,4,11,4,,,,,,,,,,'2;+;2;=;11','2;+;2;=;4'
574,2+4=13,2+11=13,splitmerge_4_11,2,4,11,,,,,,,,,,'2;+;4;=;1;3','2;+;11;=;1;3'
575,11-1=19,11-1=10,within_glyph,5,9,0,,,,,,,,,,'11;-;1;=;1;9','11;-;1;=;1;0'
576,2=11-6,2=11-9,within_glyph,4,6,9,,,,,,,,,,'2;=;11;-;6','2;=;11;-;9'
577,9+11=29,9+11=20,within_glyph,5,9,0,,,,,,,,,,'9;+;11;=;2;9','9;+;11;=;2;0'
578,6+6=15,6+9=15,within_glyph,2,6,9,,,,,,,,,,'6;+;6;=;1;5','6;+;9;=;1;5'
579,11+5=9,4+5=9,splitmerge_4_11,0,11,4,,,,,,,,,,'11;+;5;=;9','4;+;5;=;9'
580,11+3=13,11+2=13,within_glyph,2,3,2,,,,,,,,,,'11;+;3;=;1;3','11;+;2;=;1;3'
581,8+11=16,8+11=19,within_glyph,5,6,9,,,,,,,,,,'8;+;11;=;1;6','8;+;11;=;1;9'
582,15=11+11,15=11+4,splitmerge_4_11,5,11,4,,,,,,,,,,'1;5;=;11;+;11','1;5;=;11;+;4'
583,8+5=15,6+9=15,one_move_same_segment,0,8,6,2,5,9,,,,,,,'8;+;5;=;1;5','6;+;9;=;1;5'
584,4-6=5,11-6=5,splitmerge_4_11,0,4,11,,,,,,,,,,'4;-;6;=;5','11;-;6;=;5'
585,6+7=19,8+7=15,one_move_same_segment,5,9,5,0,6,8,,,,,,,'6;+;7;=;1;9','8;+;7;=;1;5'
586,6+3=12,9+3=12,within_glyph,0,6,9,,,,,,,,,,'6;+;3;=;1;2','9;+;3;=;1;2'
587,11+5=14,11+3=14,within_glyph,2,5,3,,,,,,,,,,'11;+;5;=;1;4','11;+;3;=;1;4'
588,9+11=26,9+11=20,within_glyph,5,6,0,,,,,,,,,,'9;+;11;=;2;6','9;+;11;=;2;0'
589,9+1=16,9+1=10,within_glyph,5,6,0,,,,,,,,,,'9;+;1;=;1;6','9;+;1;=;1;0'
590,4+5=7,4+3=7,within_glyph,2,5,3,,,,,,,,,,'4;+;5;=;7','4;+;3;=;7'
591,11-0=2,11-9=2,within_glyph,2,0,9,,,,,,,,,,'11;-;0;=;2','11;-;9;=;2'
592,3+1=11,3+1=4,splitmerge_4_11,4,11,4,,,,,,,,,,'3;+;1;=;11','3;+;1;=;4'
593,6+4=13,9+4=13,within_glyph,0,6,9,,,,,,,,,,'6;+;4;=;1;3','9;+;4;=;1;3'
594,4+11=13,4+11=15,within_glyph,5,3,5,,,,,,,,,,'4;+;11;=;1;3','4;+;11;=;1;5'
595,5-5=6,5-5=0,within_glyph,4,6,0,,,,,,,,,,'5;-;5;=;6','5;-;5;=;0'
596,1+3=3,1+2=3,within_glyph,2,3,2,,,,,,,,,,'1;+;3;=;3','1;+;2;=;3'
597,2=7-4,3=7-4,within_glyph,0,2,3,,,,,,,,,,'2;=;7;-;4','3;=;7;-;4'
598,0-8=1,9-8=1,within_glyph,0,0,9,,,,,,,,,,'0;-;8;=;1','9;-;8;=;1'
599,0+6=12,6+6=12,within_glyph,0,0,6,,,,,,,,,,'0;+;6;=;1;2','6;+;6;=;1;2'
600,4-1=2,4-1=3,within_glyph,4,2,3,,,,,,,,,,'4;-;1;=;2','4;-;1;=;3'
601,7+9=7,7+0=7,within_glyph,2,9,0,,,,,,,,,,'7;+;9;=;7','7;+;0;=;7'
602,9+6=13,9+6=15,within_glyph,5,3,5,,,,,,,,,,'9;+;6;=;1;3','9;+;6;=;1;5'
603,9-9=9,9-0=9,within_glyph,2,9,0,,,,,,,,,,'9;-;9;=;9','9;-;0;=;9'
604,7-2=3,7-2=5,within_glyph,4,3,5,,,,,,,,,,'7;-;2;=;3','7;-;2;=;5'
605,11+6=10,4+6=10,splitmerge_4_11,0,11,4,,,,,,,,,,'11;+;6;=;1;0','4;+;6;=;1;0'
606,11+0=4,11+0=11,splitmerge_4_11,4,4,11,,,,,,,,,,'11;+;0;=;4','11;+;0;=;11'
607,7=6-1,7-6=1,one_move_same_segment,1,=,-,3,-,=,,,,,,,'7;=;6;-;1','7;-;6;=;1'
608,2-0=3,3-0=3,within_glyph,0,2,3,,,,,,,,,,'2;-;0;=;3','3;-;0;=;3'
609,8+1=0,8+1=9,within_glyph,4,0,9,,,,,,,,,,'8;+;1;=;0','8;+;1;=;9'
610,14=0+8,14=6+8,within_glyph,3,0,6,,,,,,,,,,'1;4;=;0;+;8','1;4;=;6;+;8'
611,3+2=6,3+3=6,within_glyph,2,2,3,,,,,,,,,,'3;+;2;=;6','3;+;3;=;6'
612,11-1=3,4-1=3,splitmerge_4_11,0,11,4,,,,,,,,,,'11;-;1;=;3','4;-;1;=;3'
613,11-2=2,4-2=2,splitmerge_4_11,0,11,4,,,,,,,,,,'11;-;2;=;2','4;-;2;=;2'
614,4+7=18,11+7=18,splitmerge_4_11,0,4,11,,,,,,,,,,'4;+;7;=;1;8','11;+;7;=;1;8'
615,9-3=0,9-3=6,within_glyph,4,0,6,,,,,,,,,,'9;-;3;=;0','9;-;3;=;6'
616,3+3=8,5+3=8,within_glyph,0,3,5,,,,,,,,,,'3;+;3;=;8','5;+;3;=;8'
617,5+8=15,6+9=15,one_move_same_segment,2,8,9,0,5,6,,,,,,,'5;+;8;=;1;5','6;+;9;=;1;5'
618,11-11=9,11-11=0,within_glyph,4,9,0,,,,,,,,,,'11;-;11;=;9','11;-;11;=;0'
619,8-8=6,8-8=0,within_glyph,4,6,0,,,,,,,,,,'8;-;8;=;6','8;-;8;=;0'
620,4+1=12,11+1=12,splitmerge_4_11,0,4,11,,,,,,,,,,'4;+;1;=;1;2','11;+;1;=;1;2'
621,6+7=12,6+7=13,within_glyph,5,2,3,,,,,,,,,,'6;+;7;=;1;2','6;+;7;=;1;3'
622,9=6-3,9-6=3,one_move_same_segment,1,=,-,3,-,=,,,,,,,'9;=;6;-;3','9;-;6;=;3'
623,9-3=7,9-2=7,within_glyph,2,3,2,,,,,,,,,,'9;-;3;=;7','9;-;2;=;7'
624,9+5=16,9+6=15,one_move_same_segment,5,6,5,2,5,6,,,,,,,'9;+;5;=;1;6','9;+;6;=;1;5'
625,0+1=7,6+1=7,within_glyph,0,0,6,,,,,,,,,,'0;+;1;=;7','6;+;1;=;7'
626,4-7=4,11-7=4,splitmerge_4_11,0,4,11,,,,,,,,,,'4;-;7;=;4','11;-;7;=;4'
627,6+3=6,6+3=9,within_glyph,4,6,9,,,,,,,,,,'6;+;3;=;6','6;+;3;=;9'
628,8+6=18,8+8=16,one_move_same_segment,5,8,6,2,6,8,,,,,,,'8;+;6;=;1;8','8;+;8;=;1;6'
629,9=0+6,9=0+9,within_glyph,4,6,9,,,,,,,,,,'9;=;0;+;6','9;=;0;+;9'
630,7-3=2,7-5=2,within_glyph,2,3,5,,,,,,,,,,'7;-;3;=;2','7;-;5;=;2'
631,6+9=18,9+9=18,within_glyph,0,6,9,,,,,,,,,,'6;+;9;=;1;8','9;+;9;=;1;8'
632,5+6=14,5+9=14,within_glyph,2,6,9,,,,,,,,,,'5;+;6;=;1;4','5;+;9;=;1;4'
633,2+0=3,2+0=2,within_glyph,4,3,2,,,,,,,,,,'2;+;0;=;3','2;+;0;=;2'
634,6+71=11,6+11=17,one_move_same_segment,2,7,1,3,1,7,4,=,1,5,11,7,6;+;7;1;=;1;1',6;+;1;1;=;1;7'
635,6+7=16,9+7=16,within_glyph,0,6,9,,,,,,,,,,'6;+;7;=;1;6','9;+;7;=;1;6'
636,0-6=3,9-6=3,within_glyph,0,0,9,,,,,,,,,,'0;-;6;=;3','9;-;6;=;3'
637,71+6=11,11+6=17,one_move_same_segment,0,7,1,1,1,7,2,+,6,3,6,=,7;1;+;6;=;1;1',1;1;+;6;=;1;7'
638,9+11=11,0+11=11,within_glyph,0,9,0,,,,,,,,,,'9;+;11;=;11','0;+;11;=;11'
639,9+2=8,6+2=8,within_glyph,0,9,6,,,,,,,,,,'9;+;2;=;8','6;+;2;=;8'
640,3+5=10,5+5=10,within_glyph,0,3,5,,,,,,,,,,'3;+;5;=;1;0','5;+;5;=;1;0'
641,8+5=15,8+5=13,within_glyph,5,5,3,,,,,,,,,,'8;+;5;=;1;5','8;+;5;=;1;3'
642,4+2=9,4+2=6,within_glyph,4,9,6,,,,,,,,,,'4;+;2;=;9','4;+;2;=;6'
643,3-2=0,3-3=0,within_glyph,2,2,3,,,,,,,,,,'3;-;2;=;0','3;-;3;=;0'
644,11+7=11,4+7=11,splitmerge_4_11,0,11,4,,,,,,,,,,'11;+;7;=;11','4;+;7;=;11'
645,7+2=6,7+2=9,within_glyph,4,6,9,,,,,,,,,,'7;+;2;=;6','7;+;2;=;9'
646,11-3=1,4-3=1,splitmerge_4_11,0,11,4,,,,,,,,,,'11;-;3;=;1','4;-;3;=;1'
647,9-4=2,6-4=2,within_glyph,0,9,6,,,,,,,,,,'9;-;4;=;2','6;-;4;=;2'
648,11=5+9,11=5+6,within_glyph,4,9,6,,,,,,,,,,'11;=;5;+;9','11;=;5;+;6'
649,1+0=7,1+6=7,within_glyph,2,0,6,,,,,,,,,,'1;+;0;=;7','1;+;6;=;7'
650,0+6=0,0+6=6,within_glyph,4,0,6,,,,,,,,,,'0;+;6;=;0','0;+;6;=;6'
651,5=2-3,5-2=3,one_move_same_segment,1,=,-,3,-,=,,,,,,,'5;=;2;-;3','5;-;2;=;3'
652,4-9=2,11-9=2,splitmerge_4_11,0,4,11,,,,,,,,,,'4;-;9;=;2','11;-;9;=;2'
653,4=9+2,11=9+2,splitmerge_4_11,0,4,11,,,,,,,,,,'4;=;9;+;2','11;=;9;+;2'
654,11-8=2,11-8=3,within_glyph,4,2,3,,,,,,,,,,'11;-;8;=;2','11;-;8;=;3'
655,0-8=8,8-0=8,one_move_same_segment,2,8,0,0,0,8,,,,,,,'0;-;8;=;8','8;-;0;=;8'
656,6+2=9,6+3=9,within_glyph,2,2,3,,,,,,,,,,'6;+;2;=;9','6;+;3;=;9'
657,7+4=4,7+4=11,splitmerge_4_11,4,4,11,,,,,,,,,,'7;+;4;=;4','7;+;4;=;11'
658,5+1=0,5+1=6,within_glyph,4,0,6,,,,,,,,,,'5;+;1;=;0','5;+;1;=;6'
659,6-0=0,6-0=6,within_glyph,4,0,6,,,,,,,,,,'6;-;0;=;0','6;-;0;=;6'
660,0+4=13,9+4=13,within_glyph,0,0,9,,,,,,,,,,'0;+;4;=;1;3','9;+;4;=;1;3'
661,19=9+8,18=9+9,one_move_same_segment,5,8,9,1,9,8,,,,,,,'1;9;=;9;+;8','1;8;=;9;+;9'
662,11+4=8,4+4=8,splitmerge_4_11,0,11,4,,,,,,,,,,'11;+;4;=;8','4;+;4;=;8'
663,6+8=18,8+8=16,one_move_same_segment,5,8,6,0,6,8,,,,,,,'6;+;8;=;1;8','8;+;8;=;1;6'
664,4-11=0,4-4=0,splitmerge_4_11,2,11,4,,,,,,,,,,'4;-;11;=;0','4;-;4;=;0'
665,8+11=12,8+4=12,splitmerge_4_11,2,11,4,,,,,,,,,,'8;+;11;=;1;2','8;+;4;=;1;2'
666,6-6=3,9-6=3,within_glyph,0,6,9,,,,,,,,,,'6;-;6;=;3','9;-;6;=;3'
667,0+0=9,0+0=0,within_glyph,4,9,0,,,,,,,,,,'0;+;0;=;9','0;+;0;=;0'
668,8-11=4,8-4=4,splitmerge_4_11,2,11,4,,,,,,,,,,'8;-;11;=;4','8;-;4;=;4'
669,6+5=19,6+9=15,one_move_same_segment,5,9,5,2,5,9,,,,,,,'6;+;5;=;1;9','6;+;9;=;1;5'
670,4+0=11,11+0=11,splitmerge_4_11,0,4,11,,,,,,,,,,'4;+;0;=;11','11;+;0;=;11'
671,0-6=0,6-6=0,within_glyph,0,0,6,,,,,,,,,,'0;-;6;=;0','6;-;6;=;0'
672,8+6=8,8+0=8,within_glyph,2,6,0,,,,,,,,,,'8;+;6;=;8','8;+;0;=;8'
673,6+0=9,6+0=6,within_glyph,4,9,6,,,,,,,,,,'6;+;0;=;9','6;+;0;=;6'
674,11=2-9,11-2=9,one_move_same_segment,1,=,-,3,-,=,,,,,,,'11;=;2;-;9','11;-;2;=;9'
675,7-2=4,7-3=4,within_glyph,2,2,3,,,,,,,,,,'7;-;2;=;4','7;-;3;=;4'
676,0+11=4,0+11=11,splitmerge_4_11,4,4,11,,,,,,,,,,'0;+;11;=;4','0;+;11;=;11'
677,0+3=9,6+3=9,within_glyph,0,0,6,,,,,,,,,,'0;+;3;=;9','6;+;3;=;9'
678,4+9=10,4+6=10,within_glyph,2,9,6,,,,,,,,,,'4;+;9;=;1;0','4;+;6;=;1;0'
679,6+3=3,0+3=3,within_glyph,0,6,0,,,,,,,,,,'6;+;3;=;3','0;+;3;=;3'
680,6+11=20,9+11=20,within_glyph,0,6,9,,,,,,,,,,'6;+;11;=;2;0','9;+;11;=;2;0'
681,0-2=7,9-2=7,within_glyph,0,0,9,,,,,,,,,,'0;-;2;=;7','9;-;2;=;7'
682,1+9=16,1+9=10,within_glyph,5,6,0,,,,,,,,,,'1;+;9;=;1;6','1;+;9;=;1;0'
683,6+4=4,0+4=4,within_glyph,0,6,0,,,,,,,,,,'6;+;4;=;4','0;+;4;=;4'
684,5+5=16,5+5=10,within_glyph,5,6,0,,,,,,,,,,'5;+;5;=;1;6','5;+;5;=;1;0'
685,4+2=0,4+2=6,within_glyph,4,0,6,,,,,,,,,,'4;+;2;=;0','4;+;2;=;6'
686,2-2=6,2-2=0,within_glyph,4,6,0,,,,,,,,,,'2;-;2;=;6','2;-;2;=;0'
687,6-3=9,8-3=5,one_move_same_segment,4,9,5,0,6,8,,,,,,,'6;-;3;=;9','8;-;3;=;5'
688,6-9=0,9-9=0,within_glyph,0,6,9,,,,,,,,,,'6;-;9;=;0','9;-;9;=;0'
689,8=7-1,8-7=1,one_move_same_segment,1,=,-,3,-,=,,,,,,,'8;=;7;-;1','8;-;7;=;1'
690,9-5=11,9-5=4,splitmerge_4_11,4,11,4,,,,,,,,,,'9;-;5;=;11','9;-;5;=;4'
691,8+3=10,8+2=10,within_glyph,2,3,2,,,,,,,,,,'8;+;3;=;1;0','8;+;2;=;1;0'
692,16=7+0,16=7+9,within_glyph,5,0,9,,,,,,,,,,'1;6;=;7;+;0','1;6;=;7;+;9'
693,7+5=18,7+9=16,one_move_same_segment,5,8,6,2,5,9,,,,,,,'7;+;5;=;1;8','7;+;9;=;1;6'
694,13=7+9,13=7+6,within_glyph,5,9,6,,,,,,,,,,'1;3;=;7;+;9','1;3;=;7;+;6'
695,6+1=5,5+1=6,one_move_same_segment,0,6,5,4,5,6,,,,,,,'6;+;1;=;5','5;+;1;=;6'
696,5-6=5,5-0=5,within_glyph,2,6,0,,,,,,,,,,'5;-;6;=;5','5;-;0;=;5'
697,3-1=3,3-1=2,within_glyph,4,3,2,,,,,,,,,,'3;-;1;=;3','3;-;1;=;2'
698,6+0=9,9+0=9,within_glyph,0,6,9,,,,,,,,,,'6;+;0;=;9','9;+;0;=;9'
699,9+11=13,9+4=13,splitmerge_4_11,2,11,4,,,,,,,,,,'9;+;11;=;1;3','9;+;4;=;1;3'
700,5-1=2,3-1=2,within_glyph,0,5,3,,,,,,,,,,'5;-;1;=;2','3;-;1;=;2'
701,1+11=13,1+11=12,within_glyph,5,3,2,,,,,,,,,,'1;+;11;=;1;3','1;+;11;=;1;2'
702,9+1=7,6+1=7,within_glyph,0,9,6,,,,,,,,,,'9;+;1;=;7','6;+;1;=;7'
703,1+71=18,7+11=18,one_move_same_segment,2,7,1,0,1,7,3,1,7,4,=,1,'1;+;7;1;=;1;8',7;+;1;1;=;1;8'
704,4+9=5,4+5=9,one_move_same_segment,2,9,5,4,5,9,,,,,,,'4;+;9;=;5','4;+;5;=;9'
705,7+0=13,7+6=13,within_glyph,2,0,6,,,,,,,,,,'7;+;0;=;1;3','7;+;6;=;1;3'
706,3-3=2,5-3=2,within_glyph,0,3,5,,,,,,,,,,'3;-;3;=;2','5;-;3;=;2'
707,6-0=9,9-0=9,within_glyph,0,6,9,,,,,,,,,,'6;-;0;=;9','9;-;0;=;9'
708,8+5=12,8+5=13,within_glyph,5,2,3,,,,,,,,,,'8;+;5;=;1;2','8;+;5;=;1;3'
709,1+6=1,1+0=1,within_glyph,2,6,0,,,,,,,,,,'1;+;6;=;1','1;+;0;=;1'
710,8=6+3,8=6+2,within_glyph,4,3,2,,,,,,,,,,'8;=;6;+;3','8;=;6;+;2'
711,4-5=1,4-3=1,within_glyph,2,5,3,,,,,,,,,,'4;-;5;=;1','4;-;3;=;1'
712,6+0=0,0+0=0,within_glyph,0,6,0,,,,,,,,,,'6;+;0;=;0','0;+;0;=;0'
713,11-3=6,11-5=6,within_glyph,2,3,5,,,,,,,,,,'11;-;3;=;6','11;-;5;=;6'
714,4+11=22,11+11=22,splitmerge_4_11,0,4,11,,,,,,,,,,'4;+;11;=;2;2','11;+;11;=;2;2'
715,'1+0=7','7-0=7',operator_number,1,+,-,0,1,7,,,,,,,'1;+;0;=;7','7;-;0;=;7'
716,9+4=20,9+11=20,splitmerge_4_11,2,4,11,,,,,,,,,,'9;+;4;=;2;0','9;+;11;=;2;0'
717,2+3=7,2+5=7,within_glyph,2,3,5,,,,,,,,,,'2;+;3;=;7','2;+;5;=;7'
718,11-6=11,11-0=11,within_glyph,2,6,0,,,,,,,,,,'11;-;6;=;11','11;-;0;=;11'
719,8-3=3,8-5=3,within_glyph,2,3,5,,,,,,,,,,'8;-;3;=;3','8;-;5;=;3'
720,5+1=72,5+7=12,one_move_same_segment,4,7,1,2,1,7,,,,,,,'5;+;1;=;7;2','5;+;7;=;1;2'
721,5-9=5,5-0=5,within_glyph,2,9,0,,,,,,,,,,'5;-;9;=;5','5;-;0;=;5'
722,26=11+9,20=11+9,within_glyph,1,6,0,,,,,,,,,,'2;6;=;11;+;9','2;0;=;11;+;9'
723,4-9=4,4-0=4,within_glyph,2,9,0,,,,,,,,,,'4;-;9;=;4','4;-;0;=;4'
724,0+7=16,9+7=16,within_glyph,0,0,9,,,,,,,,,,'0;+;7;=;1;6','9;+;7;=;1;6'
725,0+2=8,6+2=8,within_glyph,0,0,6,,,,,,,,,,'0;+;2;=;8','6;+;2;=;8'
726,8-5=2,8-5=3,within_glyph,4,2,3,,,,,,,,,,'8;-;5;=;2','8;-;5;=;3'
727,6+1=1,0+1=1,within_glyph,0,6,0,,,,,,,,,,'6;+;1;=;1','0;+;1;=;1'
728,9+6=3,3+6=9,one_move_same_segment,0,9,3,4,3,9,,,,,,,'9;+;6;=;3','3;+;6;=;9'
729,'1+1=6','7-1=6',operator_number,1,+,-,0,1,7,,,,,,,'1;+;1;=;6','7;-;1;=;6'
730,11+3=7,4+3=7,splitmerge_4_11,0,11,4,,,,,,,,,,'11;+;3;=;7','4;+;3;=;7'
731,5+2=5,3+2=5,within_glyph,0,5,3,,,,,,,,,,'5;+;2;=;5','3;+;2;=;5'
732,6-2=7,9-2=7,within_glyph,0,6,9,,,,,,,,,,'6;-;2;=;7','9;-;2;=;7'
733,0+2=3,0+2=2,within_glyph,4,3,2,,,,,,,,,,'0;+;2;=;3','0;+;2;=;2'
734,9+0=0,9+0=9,within_glyph,4,0,9,,,,,,,,,,'9;+;0;=;0','9;+;0;=;9'
735,9+4=5,5+4=9,one_move_same_segment,0,9,5,4,5,9,,,,,,,'9;+;4;=;5','5;+;4;=;9'
736,11+11=23,11+11=22,within_glyph,5,3,2,,,,,,,,,,'11;+;11;=;2;3','11;+;11;=;2;2'
737,0-1=8,9-1=8,within_glyph,0,0,9,,,,,,,,,,'0;-;1;=;8','9;-;1;=;8'
738,3+11=13,2+11=13,within_glyph,0,3,2,,,,,,,,,,'3;+;11;=;1;3','2;+;11;=;1;3'
739,8+2=6,6+2=8,one_move_same_segment,0,8,6,4,6,8,,,,,,,'8;+;2;=;6','6;+;2;=;8'
740,9-3=4,9-5=4,within_glyph,2,3,5,,,,,,,,,,'9;-;3;=;4','9;-;5;=;4'
741,11+1=78,11+7=18,one_move_same_segment,4,7,1,2,1,7,,,,,,,'11;+;1;=;7;8','11;+;7;=;1;8'
742,7-3=11,7-3=4,splitmerge_4_11,4,11,4,,,,,,,,,,'7;-;3;=;11','7;-;3;=;4'
743,11-2=0,11-2=9,within_glyph,4,0,9,,,,,,,,,,'11;-;2;=;0','11;-;2;=;9'
744,2+2=5,2+3=5,within_glyph,2,2,3,,,,,,,,,,'2;+;2;=;5','2;+;3;=;5'
745,'3-9=8','3+5=8',operator_number,2,9,5,1,-,+,,,,,,,'3;-;9;=;8','3;+;5;=;8'
746,11-11=7,11-4=7,splitmerge_4_11,2,11,4,,,,,,,,,,'11;-;11;=;7','11;-;4;=;7'
747,7-5=3,7-5=2,within_glyph,4,3,2,,,,,,,,,,'7;-;5;=;3','7;-;5;=;2'
748,9+3=6,5+3=8,one_move_same_segment,0,9,5,4,6,8,,,,,,,'9;+;3;=;6','5;+;3;=;8'
749,7+3=16,7+3=10,within_glyph,5,6,0,,,,,,,,,,'7;+;3;=;1;6','7;+;3;=;1;0'
750,6+6=6,0+6=6,within_glyph,0,6,0,,,,,,,,,,'6;+;6;=;6','0;+;6;=;6'
751,5+5=8,5+3=8,within_glyph,2,5,3,,,,,,,,,,'5;+;5;=;8','5;+;3;=;8'
752,6-1=3,6-1=5,within_glyph,4,3,5,,,,,,,,,,'6;-;1;=;3','6;-;1;=;5'
753,9=3-6,9-3=6,one_move_same_segment,1,=,-,3,-,=,,,,,,,'9;=;3;-;6','9;-;3;=;6'
754,8=1-7,8-1=7,one_move_same_segment,1,=,-,3,-,=,,,,,,,'8;=;1;-;7','8;-;1;=;7'
755,2+0=3,3+0=3,within_glyph,0,2,3,,,,,,,,,,'2;+;0;=;3','3;+;0;=;3'
756,3+6=6,3+6=9,within_glyph,4,6,9,,,,,,,,,,'3;+;6;=;6','3;+;6;=;9'
757,5+1=9,5+1=6,within_glyph,4,9,6,,,,,,,,,,'5;+;1;=;9','5;+;1;=;6'
758,2-2=1,3-2=1,within_glyph,0,2,3,,,,,,,,,,'2;-;2;=;1','3;-;2;=;1'
759,4+2=13,11+2=13,splitmerge_4_11,0,4,11,,,,,,,,,,'4;+;2;=;1;3','11;+;2;=;1;3'
760,2+3=3,2+3=5,within_glyph,4,3,5,,,,,,,,,,'2;+;3;=;3','2;+;3;=;5'
761,4+2=7,4+3=7,within_glyph,2,2,3,,,,,,,,,,'4;+;2;=;7','4;+;3;=;7'
762,5+5=19,5+5=10,within_glyph,5,9,0,,,,,,,,,,'5;+;5;=;1;9','5;+;5;=;1;0'
763,3+6=12,3+9=12,within_glyph,2,6,9,,,,,,,,,,'3;+;6;=;1;2','3;+;9;=;1;2'
764,8-4=11,8-4=4,splitmerge_4_11,4,11,4,,,,,,,,,,'8;-;4;=;11','8;-;4;=;4'
765,1+3=6,1+5=6,within_glyph,2,3,5,,,,,,,,,,'1;+;3;=;6','1;+;5;=;6'
766,9+3=14,9+5=14,within_glyph,2,3,5,,,,,,,,,,'9;+;3;=;1;4','9;+;5;=;1;4'
767,0+9=6,0+9=9,within_glyph,4,6,9,,,,,,,,,,'0;+;9;=;6','0;+;9;=;9'
768,'0+0=8','8-0=8',operator_number,1,+,-,0,0,8,,,,,,,'0;+;0;=;8','8;-;0;=;8'
769,'1+2=5','7-2=5',operator_number,1,+,-,0,1,7,,,,,,,'1;+;2;=;5','7;-;2;=;5'
770,'1+4=3','7-4=3',operator_number,1,+,-,0,1,7,,,,,,,'1;+;4;=;3','7;-;4;=;3'
771,'1+5=2','7-5=2',operator_number,1,+,-,0,1,7,,,,,,,'1;+;5;=;2','7;-;5;=;2'
772,'1+6=1','7-6=1',operator_number,1,+,-,0,1,7,,,,,,,'1;+;6;=;1','7;-;6;=;1'
773,'1+7=0','7-7=0',operator_number,1,+,-,0,1,7,,,,,,,'1;+;7;=;0','7;-;7;=;0'
774,'3+0=9','9-0=9',operator_number,1,+,-,0,3,9,,,,,,,'3;+;0;=;9','9;-;0;=;9'
775,'3+1=8','9-1=8',operator_number,1,+,-,0,3,9,,,,,,,'3;+;1;=;8','9;-;1;=;8'
776,'3+2=7','9-2=7',operator_number,1,+,-,0,3,9,,,,,,,'3;+;2;=;7','9;-;2;=;7'
777,'3+4=5','9-4=5',operator_number,1,+,-,0,3,9,,,,,,,'3;+;4;=;5','9;-;4;=;5'
778,'3+5=4','9-5=4',operator_number,1,+,-,0,3,9,,,,,,,'3;+;5;=;4','9;-;5;=;4'
779,'3+6=3','9-6=3',operator_number,1,+,-,0,3,9,,,,,,,'3;+;6;=;3','9;-;6;=;3'
780,'3+7=2','9-7=2',operator_number,1,+,-,0,3,9,,,,,,,'3;+;7;=;2','9;-;7;=;2'
781,'3+8=1','9-8=1',operator_number,1,+,-,0,3,9,,,,,,,'3;+;8;=;1','9;-;8;=;1'
782,'3+9=0','9-9=0',operator_number,1,+,-,0,3,9,,,,,,,'3;+;9;=;0','9;-;9;=;0'
783,'5+0=6','6-0=6',operator_number,1,+,-,0,5,6,,,,,,,'5;+;0;=;6','6;-;0;=;6'
784,'5+1=5','6-1=5',operator_number,1,+,-,0,5,6,,,,,,,'5;+;1;=;5','6;-;1;=;5'
785,'5+2=4','6-2=4',operator_number,1,+,-,0,5,6,,,,,,,'5;+;2;=;4','6;-;2;=;4'
786,'5+3=3','6-3=3',operator_number,1,+,-,0,5,6,,,,,,,'5;+;3;=;3','6;-;3;=;3'
787,'5+4=2','6-4=2',operator_number,1,+,-,0,5,6,,,,,,,'5;+;4;=;2','6;-;4;=;2'
788,'5+5=1','6-5=1',operator_number,1,+,-,0,5,6,,,,,,,'5;+;5;=;1','6;-;5;=;1'
789,'6+0=5','6-0=6',operator_number,1,+,-,4,5,6,,,,,,,'6;+;0;=;5','6;-;0;=;6'
790,'7+0=1','7-0=7',operator_number,1,+,-,4,1,7,,,,,,,'7;+;0;=;1','7;-;0;=;7'
791,'7+1=5','7-1=6',operator_number,1,+,-,4,5,6,,,,,,,'7;+;1;=;5','7;-;1;=;6'
792,'8+0=0','8-0=8',operator_number,1,+,-,4,0,8,,,,,,,'8;+;0;=;0','8;-;0;=;8'
793,'8+0=6','8-0=8',operator_number,1,+,-,4,6,8,,,,,,,'8;+;0;=;6','8;-;0;=;8'
794,'8+0=9','8-0=8',operator_number,1,+,-,4,9,8,,,,,,,'8;+;0;=;9','8;-;0;=;8'
795,'8+1=1','8-1=7',operator_number,1,+,-,4,1,7,,,,,,,'8;+;1;=;1','8;-;1;=;7'
796,'8+2=5','8-2=6',operator_number,1,+,-,4,5,6,,,,,,,'8;+;2;=;5','8;-;2;=;6'
797,'9+0=3','9-0=9',operator_number,1,+,-,4,3,9,,,,,,,'9;+;0;=;3','9;-;0;=;9'
798,'9+1=0','9-1=8',operator_number,1,+,-,4,0,8,,,,,,,'9;+;1;=;0','9;-;1;=;8'
799,'9+1=6','9-1=8',operator_number,1,+,-,4,6,8,,,,,,,'9;+;1;=;6','9;-;1;=;8'
800,'9+1=9','9-1=8',operator_number,1,+,-,4,9,8,,,,,,,'9;+;1;=;9','9;-;1;=;8'
801,'9+2=1','9-2=7',operator_number,1,+,-,4,1,7,,,,,,,'9;+;2;=;1','9;-;2;=;7'
802,'9+3=5','9-3=6',operator_number,1,+,-,4,5,6,,,,,,,'9;+;3;=;5','9;-;3;=;6'
803,'6+5=0','6-6=0',operator_number,1,+,-,2,5,6,,,,,,,'6;+;5;=;0','6;-;6;=;0'
804,'7+1=0','7-7=0',operator_number,1,+,-,2,1,7,,,,,,,'7;+;1;=;0','7;-;7;=;0'
805,'7+5=1','7-6=1',operator_number,1,+,-,2,5,6,,,,,,,'7;+;5;=;1','7;-;6;=;1'
806,'8+1=1','8-7=1',operator_number,1,+,-,2,1,7,,,,,,,'8;+;1;=;1','8;-;7;=;1'
807,'8+5=2','8-6=2',operator_number,1,+,-,2,5,6,,,,,,,'8;+;5;=;2','8;-;6;=;2'
808,'0-0=8','0+0=0',operator_number,4,8,0,1,-,+,,,,,,,'0;-;0;=;8','0;+;0;=;0'
809,'0-1=7','0+1=1',operator_number,4,7,1,1,-,+,,,,,,,'0;-;1;=;7','0;+;1;=;1'
810,'0-3=9','0+3=3',operator_number,4,9,3,1,-,+,,,,,,,'0;-;3;=;9','0;+;3;=;3'
811,'0-5=6','0+5=5',operator_number,4,6,5,1,-,+,,,,,,,'0;-;5;=;6','0;+;5;=;5'
812,'0-5=9','0+5=5',operator_number,4,9,5,1,-,+,,,,,,,'0;-;5;=;9','0;+;5;=;5'
813,'0-6=5','0+5=5',operator_number,2,6,5,1,-,+,,,,,,,'0;-;6;=;5','0;+;5;=;5'
814,'0-6=8','0+6=6',operator_number,4,8,6,1,-,+,,,,,,,'0;-;6;=;8','0;+;6;=;6'
815,'0-7=1','0+1=1',operator_number,2,7,1,1,-,+,,,,,,,'0;-;7;=;1','0;+;1;=;1'
816,'0-8=0','0+0=0',operator_number,2,8,0,1,-,+,,,,,,,'0;-;8;=;0','0;+;0;=;0'
817,'0-8=6','0+6=6',operator_number,2,8,6,1,-,+,,,,,,,'0;-;8;=;6','0;+;6;=;6'
818,'0-8=9','0+9=9',operator_number,2,8,9,1,-,+,,,,,,,'0;-;8;=;9','0;+;9;=;9'
819,'0-9=3','0+3=3',operator_number,2,9,3,1,-,+,,,,,,,'0;-;9;=;3','0;+;3;=;3'
820,'0-9=5','0+5=5',operator_number,2,9,5,1,-,+,,,,,,,'0;-;9;=;5','0;+;5;=;5'
821,'0-9=8','0+9=9',operator_number,4,8,9,1,-,+,,,,,,,'0;-;9;=;8','0;+;9;=;9'
822,'1-0=7','1+0=1',operator_number,4,7,1,1,-,+,,,,,,,'1;-;0;=;7','1;+;0;=;1'
823,'1-2=9','1+2=3',operator_number,4,9,3,1,-,+,,,,,,,'1;-;2;=;9','1;+;2;=;3'
824,'4-2=8','4+2=6',operator_number,4,8,6,1,-,+,,,,,,,'4;-;2;=;8','4;+;2;=;6'
825,'4-5=8','4+5=9',operator_number,4,8,9,1,-,+,,,,,,,'4;-;5;=;8','4;+;5;=;9'
826,'4-6=9','4+5=9',operator_number,2,6,5,1,-,+,,,,,,,'4;-;6;=;9','4;+;5;=;9'
827,'4-7=5','4+1=5',operator_number,2,7,1,1,-,+,,,,,,,'4;-;7;=;5','4;+;1;=;5'
828,'4-8=4','4+0=4',operator_number,2,8,0,1,-,+,,,,,,,'4;-;8;=;4','4;+;0;=;4'
829,'4-9=7','4+3=7',operator_number,2,9,3,1,-,+,,,,,,,'4;-;9;=;7','4;+;3;=;7'
830,'4-9=9','4+5=9',operator_number,2,9,5,1,-,+,,,,,,,'4;-;9;=;9','4;+;5;=;9'
831,'5-0=6','5+0=5',operator_number,4,6,5,1,-,+,,,,,,,'5;-;0;=;6','5;+;0;=;5'
832,'5-0=9','5+0=5',operator_number,4,9,5,1,-,+,,,,,,,'5;-;0;=;9','5;+;0;=;5'
833,'5-1=8','5+1=6',operator_number,4,8,6,1,-,+,,,,,,,'5;-;1;=;8','5;+;1;=;6'
834,'5-4=8','5+4=9',operator_number,4,8,9,1,-,+,,,,,,,'5;-;4;=;8','5;+;4;=;9'
835,'5-7=6','5+1=6',operator_number,2,7,1,1,-,+,,,,,,,'5;-;7;=;6','5;+;1;=;6'
836,'5-8=5','5+0=5',operator_number,2,8,0,1,-,+,,,,,,,'5;-;8;=;5','5;+;0;=;5'
837,'5-9=8','5+3=8',operator_number,2,9,3,1,-,+,,,,,,,'5;-;9;=;8','5;+;3;=;8'
838,'6-0=5','5+0=5',operator_number,0,6,5,1,-,+,,,,,,,'6;-;0;=;5','5;+;0;=;5'
839,'6-0=8','6+0=6',operator_number,4,8,6,1,-,+,,,,,,,'6;-;0;=;8','6;+;0;=;6'
840,'8-0=0','0+0=0',operator_number,0,8,0,1,-,+,,,,,,,'8;-;0;=;0','0;+;0;=;0'
841,'8-0=6','6+0=6',operator_number,0,8,6,1,-,+,,,,,,,'8;-;0;=;6','6;+;0;=;6'
842,'8-0=9','9+0=9',operator_number,0,8,9,1,-,+,,,,,,,'8;-;0;=;9','9;+;0;=;9'
843,'8-1=1','0+1=1',operator_number,0,8,0,1,-,+,,,,,,,'8;-;1;=;1','0;+;1;=;1'
844,'8-1=8','8+1=9',operator_number,4,8,9,1,-,+,,,,,,,'8;-;1;=;8','8;+;1;=;9'
845,'8-2=2','0+2=2',operator_number,0,8,0,1,-,+,,,,,,,'8;-;2;=;2','0;+;2;=;2'
846,'8-2=8','6+2=8',operator_number,0,8,6,1,-,+,,,,,,,'8;-;2;=;8','6;+;2;=;8'
847,'8-3=3','0+3=3',operator_number,0,8,0,1,-,+,,,,,,,'8;-;3;=;3','0;+;3;=;3'
848,'8-3=9','6+3=9',operator_number,0,8,6,1,-,+,,,,,,,'8;-;3;=;9','6;+;3;=;9'
849,'8-5=5','0+5=5',operator_number,0,8,0,1,-,+,,,,,,,'8;-;5;=;5','0;+;5;=;5'
850,'8-6=6','0+6=6',operator_number,0,8,0,1,-,+,,,,,,,'8;-;6;=;6','0;+;6;=;6'
851,'8-7=7','0+7=7',operator_number,0,8,0,1,-,+,,,,,,,'8;-;7;=;7','0;+;7;=;7'
852,'8-7=9','8+1=9',operator_number,2,7,1,1,-,+,,,,,,,'8;-;7;=;9','8;+;1;=;9'
853,'8-8=8','0+8=8',operator_number,0,8,0,1,-,+,,,,,,,'8;-;8;=;8','0;+;8;=;8'
854,'8-8=8','8+0=8',operator_number,2,8,0,1,-,+,,,,,,,'8;-;8;=;8','8;+;0;=;8'
855,'6-1=6','5+1=6',operator_number,0,6,5,1,-,+,,,,,,,'6;-;1;=;6','5;+;1;=;6'
856,'6-2=7','5+2=7',operator_number,0,6,5,1,-,+,,,,,,,'6;-;2;=;7','5;+;2;=;7'
857,'6-3=8','5+3=8',operator_number,0,6,5,1,-,+,,,,,,,'6;-;3;=;8','5;+;3;=;8'
858,'6-4=9','5+4=9',operator_number,0,6,5,1,-,+,,,,,,,'6;-;4;=;9','5;+;4;=;9'
859,'7-0=1','1+0=1',operator_number,0,7,1,1,-,+,,,,,,,'7;-;0;=;1','1;+;0;=;1'
860,'7-1=2','1+1=2',operator_number,0,7,1,1,-,+,,,,,,,'7;-;1;=;2','1;+;1;=;2'
861,'7-2=3','1+2=3',operator_number,0,7,1,1,-,+,,,,,,,'7;-;2;=;3','1;+;2;=;3'
862,'7-4=5','1+4=5',operator_number,0,7,1,1,-,+,,,,,,,'7;-;4;=;5','1;+;4;=;5'
863,'7-5=6','1+5=6',operator_number,0,7,1,1,-,+,,,,,,,'7;-;5;=;6','1;+;5;=;6'
864,'7-6=7','1+6=7',operator_number,0,7,1,1,-,+,,,,,,,'7;-;6;=;7','1;+;6;=;7'
865,'7-7=8','1+7=8',operator_number,0,7,1,1,-,+,,,,,,,'7;-;7;=;8','1;+;7;=;8'
866,'7-8=9','1+8=9',operator_number,0,7,1,1,-,+,,,,,,,'7;-;8;=;9','1;+;8;=;9'
867,'8-9=9','0+9=9',operator_number,0,8,0,1,-,+,,,,,,,'8;-;9;=;9','0;+;9;=;9'
868,'9-0=3','3+0=3',operator_number,0,9,3,1,-,+,,,,,,,'9;-;0;=;3','3;+;0;=;3'
869,'9-1=4','3+1=4',operator_number,0,9,3,1,-,+,,,,,,,'9;-;1;=;4','3;+;1;=;4'
870,'9-2=5','3+2=5',operator_number,0,9,3,1,-,+,,,,,,,'9;-;2;=;5','3;+;2;=;5'
871,'9-4=7','3+4=7',operator_number,0,9,3,1,-,+,,,,,,,'9;-;4;=;7','3;+;4;=;7'
872,'9-5=8','3+5=8',operator_number,0,9,3,1,-,+,,,,,,,'9;-;5;=;8','3;+;5;=;8'
873,'9-6=9','3+6=9',operator_number,0,9,3,1,-,+,,,,,,,'9;-;6;=;9','3;+;6;=;9'
874,'9-0=5','5+0=5',operator_number,0,9,5,1,-,+,,,,,,,'9;-;0;=;5','5;+;0;=;5'
875,'9-1=6','5+1=6',operator_number,0,9,5,1,-,+,,,,,,,'9;-;1;=;6','5;+;1;=;6'
876,'9-3=8','5+3=8',operator_number,0,9,5,1,-,+,,,,,,,'9;-;3;=;8','5;+;3;=;8'
877,'9-4=9','5+4=9',operator_number,0,9,5,1,-,+,,,,,,,'9;-;4;=;9','5;+;4;=;9'
878,'1-6=6','1+5=6',operator_number,2,6,5,1,-,+,,,,,,,'1;-;6;=;6','1;+;5;=;6'
879,'2-6=7','2+5=7',operator_number,2,6,5,1,-,+,,,,,,,'2;-;6;=;7','2;+;5;=;7'
880,'3-6=8','3+5=8',operator_number,2,6,5,1,-,+,,,,,,,'3;-;6;=;8','3;+;5;=;8'
881,'1-7=2','1+1=2',operator_number,2,7,1,1,-,+,,,,,,,'1;-;7;=;2','1;+;1;=;2'
882,'2-7=3','2+1=3',operator_number,2,7,1,1,-,+,,,,,,,'2;-;7;=;3','2;+;1;=;3'
883,'3-7=4','3+1=4',operator_number,2,7,1,1,-,+,,,,,,,'3;-;7;=;4','3;+;1;=;4'
884,'6-7=7','6+1=7',operator_number,2,7,1,1,-,+,,,,,,,'6;-;7;=;7','6;+;1;=;7'
885,'7-7=8','7+1=8',operator_number,2,7,1,1,-,+,,,,,,,'7;-;7;=;8','7;+;1;=;8'
886,'1-8=1','1+0=1',operator_number,2,8,0,1,-,+,,,,,,,'1;-;8;=;1','1;+;0;=;1'
887,'2-8=2','2+0=2',operator_number,2,8,0,1,-,+,,,,,,,'2;-;8;=;2','2;+;0;=;2'
888,'3-8=3','3+0=3',operator_number,2,8,0,1,-,+,,,,,,,'3;-;8;=;3','3;+;0;=;3'
889,'6-8=6','6+0=6',operator_number,2,8,0,1,-,+,,,,,,,'6;-;8;=;6','6;+;0;=;6'
890,'7-8=7','7+0=7',operator_number,2,8,0,1,-,+,,,,,,,'7;-;8;=;7','7;+;0;=;7'
891,'9-8=9','9+0=9',operator_number,2,8,0,1,-,+,,,,,,,'9;-;8;=;9','9;+;0;=;9'
892,'1-8=7','1+6=7',operator_number,2,8,6,1,-,+,,,,,,,'1;-;8;=;7','1;+;6;=;7'
893,'2-8=8','2+6=8',operator_number,2,8,6,1,-,+,,,,,,,'2;-;8;=;8','2;+;6;=;8'
894,'3-8=9','3+6=9',operator_number,2,8,6,1,-,+,,,,,,,'3;-;8;=;9','3;+;6;=;9'
895,'1-9=4','1+3=4',operator_number,2,9,3,1,-,+,,,,,,,'1;-;9;=;4','1;+;3;=;4'
896,'2-9=5','2+3=5',operator_number,2,9,3,1,-,+,,,,,,,'2;-;9;=;5','2;+;3;=;5'
897,'3-9=6','3+3=6',operator_number,2,9,3,1,-,+,,,,,,,'3;-;9;=;6','3;+;3;=;6'
898,'6-9=9','6+3=9',operator_number,2,9,3,1,-,+,,,,,,,'6;-;9;=;9','6;+;3;=;9'
899,'1-9=6','1+5=6',operator_number,2,9,5,1,-,+,,,,,,,'1;-;9;=;6','1;+;5;=;6'
