ID,EN,KO,JP,CH,CHT,FR,SP,IT,DE,PT,RU,ID,VI,TH,TR
Game Start,Game Start,게임 시작,ゲームスタート,游戏开始,遊戲開始,Démarrer le jeu,Iniciar juego,Avvia gioco,Spiel starten,Iniciar,Старт,Mulai,Bắt đầu,เริ่มเกม,Başlat
START,START,시작,スタート,开始,開始,Démarrer,Iniciar,Avvia,Start,Iniciar,Старт,Mulai,Bắt đầu,เริ่ม,Başlat
Entering the Game,Entering the Game...,게임 진입중…,ゲーム読み込み中…,游戏加载中…,遊戲加載中…,Chargement du jeu…,Cargando el juego…,Caricamento in corso…,Spiel wird geladen…,Entrando no Jogo...,Вход в игру...,Memasuki Game...,Đang vào game...,กำลังเข้าสู่เกม...,Oyuna giriliyor...
SHOP,SHOP,상점,ショップ,商店,商店,Boutique,Tienda,Negozio,Laden,Loja,Магазин,Toko,Cửa hàng,ร้านค้า,Mağaza
ACHIEVEMENT,ACHIEVEMENT,업적,実績,成就,成就,Succès,Logros,Obiettivi,Erfolge,Conquistas,Достижения,Pencapaian,Thành tựu,ความสำเร็จ,Başarılar
LEADERBOARD,LEADERBOARD,랭킹,ランキング,排行榜,排行榜,Classement,Clasificación,Classifica,Rangliste,Ranking,Таблица лидеров,Papan Peringkat,Bảng xếp hạng,กระดานผู้นำ,Liderlik Tablosu
TIME ATTACK,TIME ATTACK,타임 어택,タイムアタック,计时挑战,計時挑戰,Défi chronométré,Ataque de tiempo,Sfida a tempo,Zeitangriff,Time Attack,Тайм-атак,Time Attack,Thử thách thời gian,ไทม์แอตแทค,Zaman Saldırısı
SURVIVAL MODE,SURVIVAL MODE,서바이벌 모드,サバイバルモード,生存模式,生存模式,Mode survie,Modo supervivencia,Modalità sopravvivenza,Überlebensmodus,Modo de Sobrevivência,Режим выживания,Mode Survival,Chế độ sinh tồn,โหมดเอาชีวิตรอด,Hayatta Kalma Modu
Unlock,Unlock,잠금해제,ロック解除,解锁,解鎖,Déverrouiller,Desbloquear,Sblocca,Freischalten,Desbloquear,Разблокировать,Buka Kunci,Mở khóa,ปลดล็อก,Kilidi Aç
Settings,Settings,옵션,オプション,选项,選項,Options,Opciones,Opzioni,Optionen,Configurações,Настройки,Pengaturan,Cài đặt,การตั้งค่า,Ayarlar
Current Virsion,Current Version,현재 버전,現在のバージョン,当前版本,當前版本,Version actuelle,Versión actual,Versione attuale,Aktuelle Version,Versão Atual,Текущая версия,Versi Saat Ini,Phiên bản hiện tại,เวอร์ชันปัจจุบัน,Mevcut Sürüm
Update,Update,업데이트,アップデート,更新,更新,Mettre à jour,Actualizar,Aggiorna,Aktualisieren,Atualizar,Обновить,Perbarui,Cập nhật,อัปเดต,Güncelle
Latest Version,Latest Version,최신 버전,最新バージョン,最新版本,最新版本,Dernière version,Última versión,Ultima versione,Neueste Version,Última Versão,Последняя версия,Versi Terbaru,Phiên bản mới nhất,เวอร์ชันล่าสุด,En Son Sürüm
Sound Fx,Sound Fx,효과음,効果音,音效,音效,Effets sonores,Efectos de sonido,Effetti sonori,Soundeffekte,Efeitos Sonoros,Звуки,Efek Suara,Hiệu ứng âm thanh,เอฟเฟกต์เสียง,Ses Efektleri
Music,Music,배경음,BGM,背景音乐,背景音樂,Musique de fond,Música de fondo,Musica di sottofondo,Hintergrundmusik,Música,Музыка,Musik,Nhạc,ดนตรี,Müzik
Account ID,Account ID,계정 ID,アカウントID,账号ID,帳號ID,Identifiant du compte,ID de cuenta,ID account,Konto-ID,ID da Conta,ID Аккаунта,ID Akun,ID Tài khoản,บัญชี ID,Hesap ID
Link Account,Link Account,계정 연동,アカウント連携,账号关联,帳號關聯,Lier le compte,Vincular cuenta,Collega account,Konto verknüpfen,Vincular Conta,Привязать аккаунт,Tautkan Akun,Liên kết tài khoản,เชื่อมบัญชี,Hesabı Bağla
Unlink Account,Unlink Account,로그 아웃,ログアウト,登出,登出,Se déconnecter,Cerrar sesión,Disconnetti,Abmelden,Desvincular Conta,Отвязать аккаунт,Lepas Tautan,Hủy liên kết,ยกเลิกการเชื่อมบัญชี,Hesap Bağlantısını Kes
Send Invite,Send Invite,초대하기,招待する,邀请,邀請,Inviter,Invitar,Invita,Einladen,Enviar Convite,Отправить приглашение,Kirim Undangan,Gửi lời mời,ส่งคำเชิญ,Davet Gönder
Rate Us,Rate Us,응원하기,応援する,支持,支援,Soutenir,Apoyar,Sostieni,Unterstützen,Avalie-nos,Оценить нас,Nilai Kami,Đánh giá,ให้คะแนนเรา,Bize Puan Ver
STAGE CLEAR,STAGE CLEAR!,스테이지 완료,ステージクリア,关卡完成,關卡完成,Niveau terminé,Nivel completado,Livello completato,Stufe abgeschlossen,FASE CONCLUÍDA!,Уровень пройден!,Stage Selesai!,Hoàn thành màn!,ด่านเคลียร์!,Bölüm Tamamlandı!
Rewards,REWARDS,보상,報酬,奖励,獎勵,Récompense,Recompensa,Ricompensa,Belohnung,Recompensas,Награды,Hadiah,Phần thưởng,รางวัล,Ödüller
Claim,Claim X2,보상 X2,報酬2倍,奖励x2,獎勵x2,Récompense x2,Recompensa x2,Ricompensa x2,Belohnung x2,Receber X2,Получить X2,Klaim X2,Nhận X2,รับ X2,X2 Al
Confirm Purchase,Confirm Purchase?,구매 하시겠습니까?,購入しますか？,要购买吗？,要購買嗎？,Voulez-vous acheter ?,¿Desea comprarlo?,Vuoi acquistare?,Möchten Sie kaufen?,Confirmar Compra?,Подтвердить покупку?,Konfirmasi Pembelian?,Xác nhận mua?,ยืนยันการซื้อ?,Satın almayı onaylıyor musunuz?
OK,OK,확인,確認,确认,確認,OK,Confirmar,Conferma,Bestätigen,OK,OK,OK,OK,ตกลง,Tamam
CANCEL,CANCEL,취소,キャンセル,取消,取消,Annuler,Cancelar,Annulla,Abbrechen,Cancelar,Отмена,Batal,Hủy,ยกเลิก,İptal
Purchase Complete,Purchase Complete,구매 완료,購入完了,购买完成,購買完成,Achat effectué,Compra completada,Acquisto completato,Kauf abgeschlossen,Compra Concluída,Покупка завершена,Pembelian Berhasil,Mua thành công,ซื้อสำเร็จ,Satın alma tamamlandı
NEW RECORD,NEW RECORD,신기록,新記録,新纪录,新紀錄,Nouveau record,Nuevo récord,Nuovo record,Neuer Rekord,Novo Recorde,Новый рекорд,Rekor Baru,Kỷ lục mới,สถิติใหม่,Yeni Rekor
CLEAR,CLEAR!,클리어,クリア,通关,通關,Terminé,Completado,Completato,Abgeschlossen,Concluído!,Готово!,Selesai!,Hoàn tất!,เคลียร์!,Tamamlandı!
Mission Complete,Mission Complete!!,미션 완료!!,ミッションクリア!!,任务完成!!,任務完成!!,Mission terminée!!,¡Misión completada!!,Missione completata!!,Mission abgeschlossen!!,Missão concluída!!,Миссия выполнена!!,Misi selesai!!,Hoàn thành nhiệm vụ!!,ภารกิจสำเร็จ!!,Görev tamamlandı!!
Pre Best Time,Previous Best Time :,이전 최고 기록 :,前回の最高記録：,上次最佳成绩：,上次最佳成績：,Ancien meilleur temps :,Mejor tiempo anterior :,Precedente miglior tempo :,Vorherige beste Zeit :,Melhor tempo anterior :,Пред. лучший результат :,Waktu Terbaik Sebelumnya :,Thời gian tốt nhất trước :,เวลาที่ดีที่สุดก่อนหน้า :,Önceki En İyi Zaman :
Best Time,Best Time :,최고 기록 :,最高記録：,最高纪录：,最高紀錄：,Meilleur record :,Mejor récord :,Record migliore :,Bester Rekord :,Melhor Tempo:,Лучший результат:,Waktu Terbaik:,Thời gian tốt nhất:,เวลาที่ดีที่สุด:,En İyi Zaman:
Best Score,Best Score :,최고 점수 :,最高スコア：,最高分数：,最高分數：,Meilleur score :,Mejor puntuación :,Miglior punteggio :,Bester Score :,Melhor pontuação :,Лучший счёт :,Skor Terbaik :,Điểm cao nhất :,คะแนนสูงสุด :,En İyi Skor :
Score,Score :,점수 :,スコア：,分数：,分數：,Score :,Puntuación :,Punteggio :,Score :,Pontuação :,Счёт :,Skor :,Điểm :,คะแนน :,Skor :
Pre Best Score,Previous Best Score :,이전 최고 점수 :,前回の最高スコア：,上次最高分数：,上次最高分數：,Meilleur score précédent :,Mejor puntuación anterior :,Miglior punteggio precedente :,Vorheriger bester Score :,Melhor pontuação anterior :,Пред. лучший счёт :,Skor Terbaik Sebelumnya :,Điểm cao nhất trước :,คะแนนสูงสุดก่อนหน้า :,Önceki En İyi Skor :
Total Time,Total Time :,총 시간 :,合計時間：,总时间：,總時間：,Temps total :,Tiempo total :,Tempo totale :,Gesamtzeit :,Tempo Total:,Общее время:,Total Waktu:,Tổng thời gian:,เวลารวม:,Toplam Süre:
Avg. Time,Avg. Time :,평균 시간 :,平均時間：,平均时间：,平均時間：,Temps moyen :,Tiempo medio :,Tempo medio :,Durchschnittszeit :,Tempo Médio:,Среднее время:,Rata-rata:,Trung bình:,เวลาเฉลี่ย:,Ortalama:
Fastest,Fastest :,가장 빠른 시간 :,最短時間：,最短时间：,最短時間：,Temps le plus court :,Tiempo más rápido :,Tempo più veloce :,Kürzeste Zeit :,Mais Rápido:,Самое быстрое:,Tercepat:,Nhanh nhất:,เร็วที่สุด:,En Hızlı:
Longest,Longest :,가장 오래걸린 시간 :,最長時間：,最长时间：,最長時間：,Temps le plus long :,Tiempo más largo :,Tempo più lungo :,Längste Zeit :,Mais Longo:,Самое длинное:,Terlama:,Lâu nhất:,นานที่สุด:,En Uzun:
TIME_ATTACK,TIME\nATTACK,타임\n어택,タイム\nアタック,计时\n挑战,計時\n挑戰,Défi\nchronométré,Ataque\nde tiempo,Sfida\na tempo,Zeit\nangriff,Time Attack,Тайм-Атак,Time Attack,Thử thách thời gian,ไทม์แอตแทค,Zaman Saldırısı
SURVIVAL_MODE,SURVIVAL\nMODE,서바이벌\n모드,サバイバル\nモード,生存\n模式,生存\n模式,Mode\nsurvie,Modo\nsupervivencia,Modalità\nsopravvivenza,Überlebens\nmodus,Modo de Sobrevivência,Выживание,Mode Survival,Chế độ sinh tồn,เอาชีวิตรอด,Hayatta Kalma Modu
SURVIVAL RESULTS,SURVIVAL RESULTS,서바이벌 결과,サバイバル結果,生存模式结果,生存模式結果,Résultats survie,Resultados de supervivencia,Risultati sopravvivenza,Überlebensergebnisse,Resultados de sobrevivência,Результаты выживания,Hasil Survival,Kết quả sinh tồn,ผลลัพธ์เอาชีวิตรอด,Hayatta Kalma Sonuçları
Reset,Reset,리셋,リセット,重置,重置,Réinitialiser,Reiniciar,Ripristina,Zurücksetzen,Redefinir,Сброс,Reset,Đặt lại,รีเซ็ต,Sıfırla
Hint,Hint,힌트,ヒント,提示,提示,Indice,Pista,Suggerimento,Hinweis,Dica,Подсказка,Petunjuk,Gợi ý,คำใบ้,İpucu
Change,Change,변경,変更,更改,更改,Changer,Cambiar,Cambia,Ändern,Alterar,Изменить,Ubah,Thay đổi,เปลี่ยน,Değiştir
SHOP,SHOP,상점,ショップ,商店,商店,Boutique,Tienda,Negozio,Laden,Loja,Магазин,Toko,Cửa hàng,ร้านค้า,Mağaza
ACHIEVEMENT,ACHIEVEMENT,업적,実績,成就,成就,Succès,Logro,Traguardo,Errungenschaft,Conquistas,Достижения,Pencapaian,Thành tựu,ความสำเร็จ,Başarılar
LEADERBOARD,LEADERBOARD,랭킹,ランキング,排行榜,排行榜,Classement,Clasificación,Classifica,Bestenliste,Ranking,Лидеры,Papan Peringkat,Bảng xếp hạng,กระดานผู้นำ,Liderlik Tablosu
BestTime,Best Time,최고 기록,最高記録,最高纪录,最高紀錄,Meilleur record,Mejor récord,Record migliore,Bester Rekord,Melhor Tempo,Лучшее время,Waktu Terbaik,Thời gian tốt nhất,เวลาที่ดีที่สุด,En İyi Zaman
Are You Exit,Are you sure you want to exit?,종료하시겠습니까?,終了しますか？,确定要退出吗？,確定要退出嗎？,Voulez-vous vraiment quitter ?,¿Seguro que quieres salir?,Sei sicuro di voler uscire?,Möchtest du wirklich beenden?,Tem certeza que deseja sair?,"Вы уверены, что хотите выйти?",Yakin ingin keluar?,Bạn có chắc muốn thoát?,คุณต้องการออกจากเกมหรือไม่?,Çıkmak istediğinize emin misiniz?
GOLD PACK,GOLD PACK,골드팩,ゴールドパック,黄金礼包,黃金禮包,Pack d’or,Paquete de oro,Pacchetto oro,Goldpaket,Pacote de Ouro,Золотой набор,Paket Emas,Gói vàng,แพ็กทอง,Altın Paketi
ITEM,ITEM,아이템,アイテム,道具,道具,Objet,Artículo,Oggetto,Gegenstand,Item,Предмет,Item,Vật phẩm,ไอเทม,Öğe
Go to the store,Go to the store to <color=#FF6600>update</color>\nto the latest version.,최신 버전으로 <color=#FF6600>업데이트</color>를 위해\n스토어로 이동합니다.,最新バージョンに<color=#FF6600>アップデート</color>するため、ストアに移動します。,为了<color=#FF6600>更新</color>到最新版本，请前往商店。,為了<color=#FF6600>更新</color>到最新版本，請前往商店。,Accédez à la boutique pour <color=#FF6600>mettre à jour</color> vers la dernière version.,Ve a la tienda para <color=#FF6600>actualizar</color> a la última versión.,Vai al negozio per <color=#FF6600>aggiornare</color> alla versione più recente.,"Gehe zum Laden, um auf die neueste Version <color=#FF6600>zu aktualisieren</color>.",Ir à loja para <color=#FF6600>atualizar</color>\npara a versão mais recente.,"Перейдите в магазин, чтобы <color=#FF6600>обновить</color>\nдо последней версии.",Pergi ke toko untuk <color=#FF6600>memperbarui</color>\nke versi terbaru.,Vào cửa hàng để <color=#FF6600>cập nhật</color>\nphiên bản mới nhất.,ไปที่ร้านเพื่อ <color=#FF6600>อัปเดต</color>\nเป็นเวอร์ชันล่าสุด,Mağazaya gidip <color=#FF6600>güncelleyin</color>\nen son sürüme geçin.
Latest version update,Latest version update!!,최신 버전 업데이트!!,最新バージョンの更新!!,最新版本更新!!,最新版本更新!!,Mise à jour vers la dernière version!!,¡Actualización a la última versión!,Aggiornamento all’ultima versione!!,Neueste Version aktualisieren!!,Atualização disponível!!,Обновление доступно!!,Pembaruan tersedia!!,Cập nhật mới!!,อัปเดตเวอร์ชันใหม่!!,Yeni sürüm güncellemesi!!
ad earn gold,Would you like to watch the ad and earn <color=#FF6600>{0}gold</color>?,광고를 보고 <color=#FF6600>{0}골드를</color>\n획득하시겠습니까?,広告を見て<color=#FF6600>{0}ゴールド</color>を獲得しますか？,想通过观看广告获得<color=#FF6600>{0}金币</color>吗？,想透過觀看廣告獲得<color=#FF6600>{0}金幣</color>嗎？,Voulez-vous regarder une publicité pour gagner <color=#FF6600>{0} or</color> ?,¿Quieres ver un anuncio y ganar <color=#FF6600>{0} oro</color>?,Vuoi guardare un annuncio e guadagnare <color=#FF6600>{0} oro</color>?,Möchtest du eine Werbung ansehen und <color=#FF6600>{0} Gold</color> verdienen?,Deseja assistir ao anúncio e ganhar <color=#FF6600>{0}ouro</color>?,Посмотреть рекламу и получить <color=#FF6600>{0} золота</color>?,Tonton iklan dan dapatkan <color=#FF6600>{0} emas</color>?,Xem quảng cáo để nhận <color=#FF6600>{0} vàng</color>?,ดูโฆษณาและรับ <color=#FF6600>{0} ทอง</color> หรือไม่?,Reklam izleyip <color=#FF6600>{0} altın</color> kazanmak ister misiniz?
Watch Ads,Watch Ads,시청하기,広告を見る,看广告,看廣告,Regarder publicité,Ver anuncio,Guarda annunci,Werbung ansehen,Assistir Anúncio,Смотреть рекламу,Tonton Iklan,Xem quảng cáo,ดูโฆษณา,Reklam İzle
Ad viewing complete,Ad viewing complete!!,광고시청완료!!,広告視聴完了!!,广告观看完成!!,廣告觀看完成!!,Visionnage terminé!!,¡Anuncio visto!,Visione completata!!,Werbung fertig angesehen!!,Visualização concluída!!,Просмотр завершён!,Iklan selesai!,Xem xong!,ดูโฆษณาสำเร็จ!!,Reklam tamamlandı!!
Earn Gold,<color=#FF6600>{0}Gold</color> has been paid!,<color=#FF6600>{0}골드</color>가\n지급되었습니다!,<color=#FF6600>{0}ゴールド</color>が支払われました！,已获得<color=#FF6600>{0}金币</color>！,已獲得<color=#FF6600>{0}金幣</color>！,<color=#FF6600>{0} or</color> a été versé !,¡Has recibido <color=#FF6600>{0} monedas de oro</color>!,<color=#FF6600>{0} oro</color> è stato accreditato!,<color=#FF6600>{0} Gold</color> wurde gutgeschrieben!,<color=#FF6600>{0}Ouro</color> recebido!,<color=#FF6600>{0} золота</color> получено!,<color=#FF6600>{0} Emas</color> diterima!,<color=#FF6600>{0} vàng</color> đã nhận!,ได้รับ <color=#FF6600>{0} ทอง</color> แล้ว!,<color=#FF6600>{0} Altın</color> alındı!
Del Warning,Deleting your account will\ndelete all game data.,계정을 삭제하면 게임데이터가\n모두 삭제됩니다.,アカウントを削除すると、\nすべてのゲームデータが削除されます。,删除账户将清除所有游戏数据。,刪除帳號將清除所有遊戲資料。,Supprimer votre compte effacera toutes les données du jeu.,Eliminar tu cuenta borrará todos los datos del juego.,L’eliminazione dell’account cancellerà tutti i dati di gioco.,Das Löschen des Kontos entfernt alle Spieldaten.,Excluir sua conta apagará todos os dados.,Удаление аккаунта\nудалит все данные.,Menghapus akun akan\nmenghapus semua data.,Xóa tài khoản sẽ xóa toàn bộ dữ liệu.,การลบบัญชีจะลบข้อมูลทั้งหมด,Hesabı silmek tüm verileri silecek.
Del Your Account,Are you sure you want to delete your account?,계정 삭제를 진행하시겠습니까?,アカウントを削除しますか？,确定要删除账户吗？,確定要刪除帳號嗎？,Voulez-vous vraiment supprimer votre compte ?,¿Seguro que quieres eliminar tu cuenta?,Sei sicuro di voler eliminare il tuo account?,Möchtest du dein Konto wirklich löschen?,Deseja excluir sua conta?,Удалить аккаунт?,Yakin ingin menghapus akun?,Bạn có chắc muốn xóa tài khoản?,คุณต้องการลบบัญชีหรือไม่?,Hesabı silmek istediğinize emin misiniz?
Deletion in progress,Deletion in progress,삭제진행,削除中…,删除中…,刪除中…,Suppression en cours…,Eliminando…,Eliminazione in corso…,Wird gelöscht…,Excluindo...,Удаление...,Menghapus...,Đang xóa...,กำลังลบ...,Siliniyor...
Your account Del,Your account information will be deleted.\nAre you sure you want to delete it?,계정정보를 삭제합니다.\n정말로 삭제하시겠습니까?,アカウント情報が削除されます。\n本当に削除しますか？,账户信息将被删除。<br>是否继续？,帳號資訊將被刪除。\n是否繼續？,Les informations de votre compte seront supprimées.<br>Voulez-vous continuer ?,Se eliminará la información de tu cuenta.\n¿Deseas continuar?,Le informazioni dell’account verranno eliminate.\nConfermi?,Deine Kontoinformationen werden gelöscht.<br>Möchtest du fortfahren?,As informações da conta serão excluídas.\nTem certeza?,Информация будет удалена.\nПродолжить?,Info akun akan dihapus.\nLanjutkan?,Thông tin tài khoản sẽ bị xóa.\nTiếp tục?,ข้อมูลบัญชีจะถูกลบ\nต้องการดำเนินการต่อหรือไม่?,Hesap bilgileri silinecek.\nDevam edilsin mi?
Delete account,Delete account,계정삭제,アカウント削除,删除账户,刪除帳號,Supprimer le compte,Eliminar cuenta,Elimina account,Konto löschen,Excluir Conta,Удалить аккаунт,Hapus Akun,Xóa tài khoản,ลบบัญชี,Hesabı Sil
AppName,Just One Match,성냥개비 하나만!,マッチは1本だけ！,只动一根火柴！,只動一根火柴！,Une Seule Allumette,Solo una Cerilla,Un Solo Fiammifero,Nur ein Streichholz,Just One Match,Just One Match,Just One Match,Just One Match,Just One Match,Just One Match
GameName,Game Name : {0},게임명 : {0},ゲーム名 : {0},游戏名称 : {0},遊戲名稱 : {0},Nom du jeu : {0},Nombre del juego : {0},Nome del gioco : {0},Spielname : {0},Nome do Jogo: {0},Название игры: {0},Nama Game: {0},Tên game: {0},ชื่อเกม: {0},Oyun Adı: {0}
AccountID,Account ID : ,계정 ID : ,アカウントID : ,账号ID : ,帳號ID :,ID du compte : ,ID de cuenta : ,ID account : ,Konto-ID : ,Account ID:,ID Аккаунта:,ID Akun:,ID Tài khoản:,Account ID:,Hesap ID:
ServerID,Server ID : ,서버 ID : ,サーバーID : ,服务器ID : ,伺服器ID :,ID du serveur : ,ID del servidor : ,ID server : ,Server-ID : ,Server ID:,ID Сервера:,ID Server:,ID Máy chủ:,Server ID:,Sunucu ID:
Not linked,Not linked,미연동,未連携,未绑定,未綁定,Non lié,No vinculado,Non collegato,Nicht verbunden,Não vinculado,Не привязан,Belum ditautkan,Chưa liên kết,ยังไม่ได้เชื่อมบัญชี,Bağlı değil
Account deletion online,Account deletion is\nonly possible when you are online.\nPlease connect to\nthe network and try again.,온라인 상태에서만\n계정 삭제가 가능합니다.\n네트워크 연결 후\n다시 진행해 주세요.,オンライン状態でのみアカウントを削除できます。<br>ネットワークに接続して再試行してください。,只能在联网状态下删除账户。\n请连接网络后重试。,只能在連網狀態下刪除帳號。\n請連接網路後重試。,La suppression du compte n’est possible qu’en ligne.\nVeuillez vous connecter au réseau et réessayer.,Solo puedes eliminar tu cuenta estando en línea.\nConéctate a la red e inténtalo de nuevo.,Puoi eliminare l’account solo online.\nConnettiti alla rete e riprova.,Konto kann nur online gelöscht werden.\nBitte stelle eine Verbindung her und versuche es erneut.,A exclusão da conta só é possível online.\nConecte-se e tente novamente.,Удаление аккаунта возможно\nтолько при подключении к сети.\nПодключитесь и попробуйте снова.,Penghapusan akun hanya dapat dilakukan online.\nHubungkan internet lalu coba lagi.,Xóa tài khoản chỉ khi có mạng.\nHãy kết nối internet và thử lại.,การลบบัญชีทำได้เฉพาะเมื่อออนไลน์\nโปรดเชื่อมต่ออินเทอร์เน็ตและลองใหม่อีกครั้ง,Hesap silme işlemi yalnızca çevrimiçi yapılabilir.\nLütfen bağlanıp tekrar deneyin.
Account deletion fail,Account deletion failed.\nPlease try again later.\n({0}),계정삭제에 실패했습니다.\n잠시 후 다시 시도해주세요.\n({0}),アカウント削除に失敗しました。\nしばらくしてから再試行してください。({0}),删除账户失败。\n请稍后再试。\n({0}),刪除帳號失敗。\n請稍後再試。\n({0}),Échec de la suppression du compte.\nVeuillez réessayer plus tard.\n({0}),Error al eliminar la cuenta.\nInténtalo de nuevo más tarde.\n({0}),Eliminazione dell’account non riuscita.\nRiprova più tardi.({0}),Kontolöschung fehlgeschlagen.\nBitte versuche es später erneut.\n({0}),Falha ao excluir conta.\nTente mais tarde.\n({0}),Ошибка удаления аккаунта.\nПовторите позже.\n({0}),Gagal menghapus akun.\nCoba lagi nanti.\n({0}),Xóa tài khoản thất bại.\nVui lòng thử lại.\n({0}),ลบบัญชีไม่สำเร็จ\nโปรดลองใหม่ภายหลัง\n({0}),Hesap silinemedi.\nLütfen daha sonra tekrar deneyin.\n({0})
Account deletion completed,Account deletion has been completed.\nThe game will restart.,계정삭제가 완료되었습니다.\n게임이 다시 시작됩니다.,アカウント削除が完了しました。\nゲームが再起動します。,账户删除已完成。<br>游戏将重新启动。,帳號刪除已完成。\n遊戲將重新啟動。,La suppression du compte est terminée.\nLe jeu va redémarrer.,La eliminación de la cuenta se ha completado.\nEl juego se reiniciará.,Eliminazione dell’account completata.\nIl gioco verrà riavviato.,Kontolöschung abgeschlossen.\nDas Spiel wird neu gestartet.,Conta excluída.\nO jogo será reiniciado.,Аккаунт удалён.\nИгра перезапустится.,Akun berhasil dihapus.\nGame akan dimulai ulang.,Đã xóa tài khoản.\nGame sẽ khởi động lại.,ลบบัญชีเสร็จสิ้น\nเกมจะเริ่มใหม่,Hesap silindi.\nOyun yeniden başlatılacak.
LogOut Fail,Logout failed\nAccount deletion failed.\nPlease contact customer service.\n({0}),로그아웃이 실패하여\n계정삭제에 실패했습니다.\n고객센터에 문의해주세요.\n({0}),ログアウトに失敗し、\nアカウント削除に失敗しました。\nサポートセンターにお問い合わせください。\n({0}),注销失败。<br>账户删除失败。\n请联系客户服务。\n({0}),登出失敗。\n帳號刪除失敗。\n請聯絡客服。\n({0}),Échec de la déconnexion.<br>Échec de la suppression du compte.<br>Contactez le service client.({0}),Fallo al cerrar sesión.<br>Error al eliminar la cuenta.\nContacta con el servicio de atención al cliente.\n({0}),Disconnessione fallita.<br>Eliminazione dell’account fallita.\nContatta l’assistenza clienti.({0}),Abmeldung fehlgeschlagen.\nKontolöschung fehlgeschlagen.\nBitte kontaktiere den Kundendienst.\n({0}),Falha ao sair.\nFalha ao excluir.\nContate o suporte.\n({0}),Ошибка выхода.\nОшибка удаления.\nОбратитесь в поддержку.\n({0}),Gagal logout.\nPenghapusan gagal.\nHubungi layanan.\n({0}),Đăng xuất thất bại.\nXóa tài khoản thất bại.\nLiên hệ hỗ trợ.\n({0}),ออกจากระบบล้มเหลว\nลบบัญชีล้มเหลว\nโปรดติดต่อฝ่ายบริการ\n({0}),Çıkış başarısız.\nHesap silinemedi.\nLütfen destekle iletişime geçin.\n({0})
invalid character,Contains <color=#FF6600>invalid character</color>.,<color=#FF6600>유효하지 않은 문자</color>가\n포함되었습니다.,<color=#FF6600>無効な文字</color>が含まれています。,包含<color=#FF6600>无效字符</color>。,包含<color=#FF6600>無效字元</color>。,Contient des <color=#FF6600>caractères invalides</color>.,Contiene <color=#FF6600>caracteres no válidos</color>.,Contiene <color=#FF6600>caratteri non validi</color>.,Enthält <color=#FF6600>ungültige Zeichen</color>.,Contém <color=#FF6600>caractere inválido</color>.,Содержит <color=#FF6600>недопустимый символ</color>.,Mengandung <color=#FF6600>karakter tidak valid</color>.,Chứa <color=#FF6600>ký tự không hợp lệ</color>.,มี <color=#FF6600>อักขระไม่ถูกต้อง</color>,<color=#FF6600>Geçersiz karakter</color> içeriyor.
inappropriate characters,Contains <color=#FF6600>inappropriate characters</color>.,<color=#FF6600>적절하지 않은 문자</color>가\n포함되었습니다.,<color=#FF6600>不適切な文字</color>が含まれています。,包含<color=#FF6600>不当字符</color>。,包含<color=#FF6600>不當字元</color>。,Contient des <color=#FF6600>caractères inappropriés</color>.,Contiene <color=#FF6600>caracteres inapropiados</color>.,Contiene <color=#FF6600>caratteri inappropriati</color>.,Enthält <color=#FF6600>unangemessene Zeichen</color>.,Contém <color=#FF6600>caracteres inadequados</color>.,Содержит <color=#FF6600>некорректные символы</color>.,Mengandung <color=#FF6600>karakter tidak pantas</color>.,Chứa <color=#FF6600>ký tự không phù hợp</color>.,มี <color=#FF6600>อักขระไม่เหมาะสม</color>,<color=#FF6600>Uygunsuz karakter</color> içeriyor.
NicknameChanged,<color=#FF6600>Nickname</color> has been changed.,<color=#FF6600>별명</color>이 변경되었습니다.,<color=#FF6600>ニックネーム</color>が変更されました。,<color=#FF6600>昵称</color>已更改。,<color=#FF6600>暱稱</color>已更改。,<color=#FF6600>Pseudo</color> modifié.,El <color=#FF6600>nombre</color> ha sido cambiado.,<color=#FF6600>Soprannome</color> modificato.,<color=#FF6600>Spitzname</color> wurde geändert.,<color=#FF6600>Apelido</color> alterado.,<color=#FF6600>Ник</color> изменён.,<color=#FF6600>Nama Panggilan</color> telah diubah.,<color=#FF6600>Biệt danh</color> đã thay đổi.,<color=#FF6600>ชื่อเล่น</color> ถูกเปลี่ยนแล้ว,<color=#FF6600>Kullanıcı adı</color> değiştirildi.
FirstNetwork,A network connection is required on first run.,최초 실행시에는 네트워크 연결이 필요합니다.,初回起動時にはネットワーク接続が必要です。,首次运行时需要网络连接。,首次執行時需要網路連線。,Une connexion réseau est requise au premier lancement.,Se requiere conexión a internet al iniciar por primera vez.,È necessaria una connessione di rete al primo avvio.,Beim ersten Start ist eine Netzwerkverbindung erforderlich.,Conexão necessária na primeira execução.,Требуется интернет при первом запуске.,Koneksi internet diperlukan saat pertama kali dijalankan.,Cần kết nối mạng khi chạy lần đầu.,ต้องใช้การเชื่อมต่ออินเทอร์เน็ตในครั้งแรกที่เข้าเล่น,İlk çalıştırmada internet bağlantısı gerekli.
FirstServer,"On first run, \nyou need to connect to the server.\nConnecting to the server failed.\nPlease try again later.\n({0})",최초 실행시에는 \n서버와 연결이 필요합니다.\n서버 연결에 실패했습니다.\n잠시 후 다시 시도해주세요.\n({0}),初回起動時にサーバー接続が必要です。\n接続に失敗しました。<br>しばらくしてから再試行してください。({0}),首次运行时需要连接服务器。\n连接失败。\n请稍后重试。\n({0}),首次執行時需要連接伺服器。\n連接失敗。\n請稍後重試。\n({0}),Une connexion au serveur est nécessaire au premier lancement.\nÉchec de la connexion.<br>Veuillez réessayer plus tard.\n({0}),Es necesario conectarse al servidor en el primer inicio.\nError de conexión.<br>Inténtalo más tarde.\n({0}),È necessaria una connessione al server al primo avvio.\nConnessione non riuscita.<br>Riprova più tardi.({0}),Beim ersten Start ist eine Serververbindung erforderlich.\nVerbindung fehlgeschlagen.\nBitte versuche es später erneut.\n({0}),Falha ao conectar ao servidor.\nTente novamente.\n({0}),Ошибка подключения к серверу.\nПовторите позже.\n({0}),Gagal terhubung ke server.\nCoba lagi.\n({0}),Kết nối máy chủ thất bại.\nThử lại sau.\n({0}),เชื่อมต่อเซิร์ฟเวอร์ไม่สำเร็จ\nโปรดลองใหม่\n({0}),Sunucu bağlantısı başarısız.\nLütfen tekrar deneyin.\n({0})
ServerMaintenance,The server is under maintenance.\nYou will need to connect to the server\nwhen you run it for the first time.,서버점검중입니다.\n최초 실행시에는 서버와 연결이 필요합니다.,サーバーメンテナンス中です。\n初回起動時にはサーバー接続が必要です。,服务器维护中。\n首次运行时需要连接服务器。,伺服器維護中。\n首次執行時需要連接伺服器。,Le serveur est en maintenance.\nUne connexion au serveur est nécessaire au premier lancement.,El servidor está en mantenimiento.\nEs necesario conectarse al servidor en el primer inicio.,Il server è in manutenzione.\nÈ necessaria una connessione al server al primo avvio.,Serverwartung läuft.\nBeim ersten Start ist eine Serververbindung erforderlich.,Servidor em manutenção.,Сервер на обслуживании.,Server dalam pemeliharaan.,Máy chủ đang bảo trì.,เซิร์ฟเวอร์กำลังปิดปรับปรุง,Sunucu bakımda.
Select again,Select again,다시선택,再選択,重新选择,重新選擇,Resélectionner,Seleccionar de nuevo,Seleziona di nuovo,Erneut auswählen,Selecionar novamente,Выбрать снова,Pilih lagi,Chọn lại,เลือกอีกครั้ง,Tekrar seç
Select,Select,선택,選択,选择,選擇,Sélectionner,Seleccionar,Seleziona,Auswählen,Selecionar,Выбрать,Pilih,Chọn,เลือก,Seç
NickName,NickName,별명 ,ニックネーム,昵称,暱稱,Pseudo,Nombre,Nome,Spitzname,Apelido,Никнейм,Nama Panggilan,Biệt danh,ชื่อเล่น,Kullanıcı adı
Gold,Gold,골드,ゴールド,金币,金幣,Or,Oro,Oro,Gold,Ouro,Золото,Emas,Vàng,ทอง,Altın
Level,Level,레벨,レベル,等级,等級,Niveau,Nivel,Livello,Level,Nível,Уровень,Level,Cấp độ,เลเวล,Seviye
Edit,Edit,수정,編集,编辑,編輯,Modifier,Editar,Modifica,Bearbeiten,Editar,Редактировать,Edit,Chỉnh sửa,แก้ไข,Düzenle
Restore Purchase,Restore Purchase,구매복구,購入を復元,恢复购买,恢復購買,Restaurer l’achat,Restaurar compra,Ripristina acquisto,Kauf wiederherstellen,Restaurar Compras,Восстановить покупки,Pulihkan Pembelian,Khôi phục mua hàng,กู้คืนการซื้อ,Satın Almaları Geri Yükle
Delete Account,Delete Account,계정삭제,アカウント削除,删除账户,刪除帳號,Supprimer le compte,Eliminar cuenta,Elimina account,Konto löschen,Excluir Conta,Удалить аккаунт,Hapus Akun,Xóa tài khoản,ลบบัญชี,Hesabı Sil
Link Account,Link Account,계정연동,アカウント連携,账户绑定,帳號綁定,Lier le compte,Vincular cuenta,Collega account,Konto verknüpfen,Vincular Conta,Привязать аккаунт,Tautkan Akun,Liên kết tài khoản,เชื่อมบัญชี,Hesabı Bağla
Log Out,Log Out,로그아웃,ログアウト,登出,登出,Se déconnecter,Cerrar sesión,Disconnetti,Abmelden,Sair,Выйти,Logout,Đăng xuất,ออกจากระบบ,Çıkış Yap
Notifications,Notifications,알림,通知,通知,通知,Notifications,Notificaciones,Notifiche,Benachrichtigungen,Notificações,Уведомления,Notifikasi,Thông báo,การแจ้งเตือน,Bildirimler
GuestID,Guest ID :,게스트 ID :,ゲスト ID :,游客 ID :,遊客 ID :,ID Invité :,ID de invitado :,ID ospite :,Gast-ID :,ID Convidado:,ID Гостя:,ID Tamu:,ID Khách:,ไอดีผู้เล่นใหม่:,Misafir ID:
InviteMessage,{0}\nSolve thousands of matchstick puzzles by difficulty!\nShow your skills now!\n{1},{0}\n수 천개의 난이도별 성냥개비 퍼즐!!\n지금 바로 당신의 능력을 보여주세요\n{1},{0}数千の難易度別マッチ棒パズル!!\n今すぐあなたの実力を見せてください！\n{1},{0}数千个不同难度的火柴谜题！\n现在就展示你的实力吧！\n{1},{0}數千個不同難度的火柴謎題！\n現在就展示你的實力吧！\n{1},{0}Résolvez des milliers d’énigmes d’allumettes par difficulté !\nMontrez vos compétences maintenant !\n{1},{0}¡Resuelve miles de rompecabezas de cerillas por dificultad!\n¡Demuestra tus habilidades ahora!\n{1},{0}Risolvi migliaia di puzzle con fiammiferi per difficoltà!Mostra le tue abilità ora!\n{1},{0}Löse Tausende Streichholzrätsel nach Schwierigkeit!\nZeige jetzt dein Können!\n{1},{0}Resolva milhares de puzzles!\nMostre sua habilidade!\n{1},{0}Решайте тысячи головоломок!\nПокажите свой навык!\n{1},{0}Selesaikan ribuan teka-teki stik!\nTunjukkan kemampuanmu!\n{1},{0}Giải hàng ngàn câu đố diêm!\nThể hiện kỹ năng của bạn!\n{1},{0}แก้ปริศนานับพัน!\nแสดงฝีมือของคุณ!\n{1},{0}Binlerce çözülebilir çöpşiş bilmecesini çöz!\nŞimdi yeteneğini göster!\n{1}
Share App,Share App,앱 공유,アプリを共有,分享应用,分享應用,Partager l’application,Compartir aplicación,Condividi app,App teilen,Compartilhar App,Поделиться,Bagikan Aplikasi,Chia sẻ ứng dụng,แชร์แอป,Uygulamayı Paylaş
Advertising receive,{0} Advertising information has been\nprocessed as <color=#FF8436>consent to receive</color>.,{0} 광고성 정보가 \n<color=#FF8436>수신 동의</color> 처리되었습니다.,{0} の広告情報は<color=#FF8436>受信同意</color>として処理されました。,{0} 的广告信息已被处理为<color=#FF8436>同意接收</color>。,{0} 的廣告資訊已被處理為<color=#FF8436>同意接收</color>。,Les informations publicitaires de {0} ont été traitées comme un <color=#FF8436>consentement à recevoir</color>.,La información publicitaria de {0} se ha procesado como <color=#FF8436>consentimiento para recibir</color>.,Le informazioni pubblicitarie di {0} sono state elaborate come <color=#FF8436>consenso alla ricezione</color>.,Die Werbeinformationen von {0} wurden als <color=#FF8436>Zustimmung zum Empfang</color> verarbeitet.,Informação marcada como aceita.,Реклама: согласие получено.,Informasi iklan disetujui.,Thông tin quảng cáo: đồng ý.,ยินยอมรับข้อมูลโฆษณาแล้ว,Reklam bilgisi kabul edildi.
Advertising rejected,{0} Advertising information has been\nprocessed as <color=#FF8436>rejected</color>.,{0} 광고성 정보가 \n<color=#FF8436>수신 거부</color> 처리되었습니다.,{0} の広告情報は<color=#FF8436>受信拒否</color>として処理されました。,{0} 的广告信息已被处理为<color=#FF8436>拒绝接收</color>。,{0} 的廣告資訊已被處理為<color=#FF8436>拒絕接收</color>。,Les informations publicitaires de {0} ont été traitées comme un <color=#FF8436>refus</color>.,La información publicitaria de {0} se ha procesado como <color=#FF8436>rechazada</color>.,Le informazioni pubblicitarie di {0} sono state elaborate come <color=#FF8436>rifiutate</color>.,Die Werbeinformationen von {0} wurden als <color=#FF8436>abgelehnt</color> verarbeitet.,Informação marcada como rejeitada.,Реклама: отклонено.,Informasi iklan ditolak.,Thông tin quảng cáo: từ chối.,ปฏิเสธข้อมูลโฆษณาแล้ว,Reklam bilgisi reddedildi.
Select user record,Select user record,사용자 기록 선택,ユーザー記録を選択,选择用户记录,選擇使用者紀錄,Sélectionner l’utilisateur,Seleccionar registro de usuario,Seleziona record utente,Benutzeraufzeichnung auswählen,Selecionar registro,Выбрать запись,Pilih data pemain,Chọn dữ liệu người chơi,เลือกข้อมูลผู้เล่น,Kullanıcı kaydı seç
Your previous play record,Your previous play record has been confirmed.\nPlease select the information you wish to proceed with.,이전 플레이 기록이 확인되었습니다.\n진행할 정보를 선택해주세요.,前回のプレイ記録が確認されました。\n続行する情報を選択してください。,已确认之前的游戏记录。\n请选择要继续的信息。,已確認之前的遊戲紀錄。\n請選擇要繼續的資訊。,Votre précédent enregistrement de jeu a été confirmé.\nVeuillez sélectionner les informations à poursuivre.,Se ha confirmado tu registro anterior de juego.\nSelecciona la información que deseas continuar.,Il tuo record di gioco precedente è stato confermato.Seleziona le informazioni con cui continuare.,"Dein vorheriger Spielstand wurde bestätigt.Bitte wähle die Informationen,\nmit denen du fortfahren möchtest.",Registro anterior confirmado.\nSelecione como deseja prosseguir.,Обнаружена предыдущая запись.\nВыберите действие.,Data permainan sebelumnya ditemukan.\nPilih data lanjutan.,Đã phát hiện dữ liệu cũ.\nChọn dữ liệu để tiếp tục.,พบข้อมูลเก่า\nเลือกข้อมูลเพื่อเล่นต่อ,Önceki oyun kayıtları bulundu.\nDevam etmek için birini seçin.
Previous play record,Previous play record,이전 플레이 기록,前回のプレイ記録,之前的游戏记录,之前的遊戲紀錄,Enregistrement précédent,Registro anterior,Record precedente,Vorheriger Spielstand,Registro anterior,Предыдущая запись,Data sebelumnya,Dữ liệu cũ,ข้อมูลเก่า,Önceki kayıt
Current play record,Current play record,현재 플레이 기록,現在のプレイ記録,当前游戏记录,當前的遊戲紀錄,Enregistrement actuel,Registro actual,Record attuale,Aktueller Spielstand,Registro atual,Текущая запись,Data saat ini,Dữ liệu hiện tại,ข้อมูลปัจจุบัน,Güncel kayıt
information below,You can play the game with the information below.,아래의 정보로 게임을 플레이 하실 수 있습니다.,以下の情報でゲームをプレイできます。,您可以使用以下信息进行游戏。,您可以使用以下資訊進行遊戲。,Vous pouvez jouer avec les informations ci-dessous.,Puedes jugar con la información a continuación.,Puoi giocare con le informazioni riportate di seguito.,Du kannst mit den folgenden Informationen spielen.,Use as informações abaixo.,Используйте данные ниже.,Gunakan data berikut.,Sử dụng dữ liệu bên dưới.,ใช้ข้อมูลด้านล่าง,Aşağıdaki bilgilerle oynayabilirsiniz.
saved,It has been saved.,저장 되었습니다.,保存されました。,已保存。,已儲存。,Enregistré.,Guardado.,Salvato.,Gespeichert.,Salvo.,Сохранено.,Tersimpan.,Đã lưu.,บันทึกแล้ว,Kaydedildi.
Changes cannot saving,Changes cannot be made after saving.\nDo you want to save it as a record below?,저장 후에는 변경이 불가합니다.\n아래의 기록으로 저장하시겠습니까?,保存後は変更できません。\nこの記録で保存しますか？,保存后将无法更改。\n是否保存为以下记录？,儲存後將無法更改。\n是否儲存為以下紀錄？,Aucune modification possible après l’enregistrement.\nSouhaitez-vous enregistrer ces informations ?,No se pueden hacer cambios después de guardar.\n¿Deseas guardar este registro?,Non è possibile modificare dopo il salvataggio.Vuoi salvare questo record?,Nach dem Speichern sind keine Änderungen mehr möglich.\nMöchtest du diesen Datensatz speichern?,Não será possível alterar.\nSalvar assim?,Изменить будет нельзя.\nСохранить?,Tidak bisa diubah.\nSimpan sekarang?,Không thể sửa đổi.\nLưu dữ liệu này?,บันทึกข้อมูลนี้หรือไม่?,Kaydettikten sonra değiştirilemez.\nBu kayıt olarak kaydedilsin mi?
Failed to connect to Game Center,Failed to connect to Game Center,Game Center 연결 실패,Game Center接続に失敗しました。,连接Game Center失败。,連接Game Center 失敗。,Échec de connexion à Game Center.,Error al conectar con Game Center.,Connessione a Game Center non riuscita.,Verbindung zu Game Center fehlgeschlagen.,Falha ao conectar ao Game Center,Ошибка Game Center,Gagal terhubung ke Game Center,Lỗi kết nối Game Center,เชื่อมต่อ Game Center ไม่สำเร็จ,Game Center bağlantısı başarısız
Failed Game Center Achievements,You need to connect to Game Center\nto access the Achievements menu.,Game Center를 연결해야\n업적 메뉴를 이용할 수 있습니다.,Game Centerに接続して実績メニューを利用してください。,您需要连接Game Center才能访问成就菜单。,您需要連接 Game Center 才能訪問成就選單。,Connectez-vous à Game Center pour accéder au menu des succès.,Conéctate a Game Center para acceder al menú de logros.,Connettiti a Game Center per accedere al menu dei successi.,"Verbinde dich mit dem Game Center, um auf das Erfolgsmenü zuzugreifen.",Conecte ao Game Center para conquistas.,Подключитесь к GC для достижений.,Hubungkan Game Center untuk pencapaian.,Kết nối Game Center để xem thành tựu.,ต้องเชื่อมต่อ Game Center เพื่อดูความสำเร็จ,Başarılar için Game Center'a bağlanmanız gerekiyor.
Failed to connect to Google Play Games,Failed to connect to Google Play Games,Play게임 서비스 연결 실패,Google Playゲーム接続に失敗しました。,连接Google Play游戏失败。,連接 Google Play 遊戲失敗。,Échec de connexion à Google Play Jeux.,Error al conectar con Google Play Games.,Connessione a Google Play Games non riuscita.,Verbindung zu Google Play Games fehlgeschlagen.,Falha no Google Play Games,Ошибка Google Play Games,Gagal terhubung ke Google Play Games,Lỗi Google Play Games,เชื่อมต่อ Google Play Games ไม่สำเร็จ,Google Play Games bağlantısı başarısız
Failed Google Play Achievements,You need to connect to Google Play Games\nto access the Achievements menu.,구글Play게임 서비스를 연결해야\n업적 메뉴를 이용할 수 있습니다.,Google Playゲームに接続して実績メニューを利用してください。,您需要连接Google Play游戏才能访问成就菜单。,您需要連接 Google Play 遊戲才能訪問成就選單。,Connectez-vous à Google Play Jeux pour accéder au menu des succès.,Conéctate a Google Play Games para acceder al menú de logros.,Connettiti a Google Play Games per accedere al menu dei successi.,"Verbinde dich mit Google Play Games, um auf das Erfolgsmenü zuzugreifen.",Conecte ao Google Play Games para conquistas.,Подключитесь к GPG для достижений.,Hubungkan GPG untuk pencapaian.,Kết nối GPG để xem thành tựu.,ต้องเชื่อมต่อ GPG เพื่อดูความสำเร็จ,Başarılar için Google Play Games'e bağlanmanız gerekiyor.
Failed Game Center Leaderboard,You need to connect to Game Center\nto access the Leaderboard menu.,Game Center를 연결해야\n랭킹 메뉴를 이용할 수 있습니다.,Game Centerに接続してランキングメニューを利用してください。,您需要连接Game Center才能访问排行榜菜单。,您需要連接 Game Center 才能訪問排行榜選單。,Connectez-vous à Game Center pour accéder au classement.,Conéctate a Game Center para acceder al menú de clasificación.,Connettiti a Game Center per accedere alla classifica.,"Verbinde dich mit dem Game Center, um auf die Bestenliste zuzugreifen.",Conecte ao Game Center para ranking.,Подключитесь к GC для таблицы лидеров.,Hubungkan Game Center untuk leaderboard.,Kết nối Game Center để xem bảng xếp hạng.,ต้องเชื่อมต่อ Game Center เพื่อดูอันดับ,Liderlik tablosu için Game Center'a bağlanmanız gerekiyor.
Failed Google Play Leaderboard,You need to connect to Google Play Games\nto access the Leaderboard menu.,구글Play게임 서비스를 연결해야\n랭킹 메뉴를 이용할 수 있습니다.,Google Playゲームに接続してランキングメニューを利用してください。,您需要连接Google Play游戏才能访问排行榜菜单。,您需要連接 Google Play 遊戲才能訪問排行榜選單。,Connectez-vous à Google Play Jeux pour accéder au classement.,Conéctate a Google Play Games para acceder al menú de clasificación.,Connettiti a Google Play Games per accedere alla classifica.,"Verbinde dich mit Google Play Games, um auf die Bestenliste zuzugreifen.",Conecte ao Google Play Games para ranking.,Подключитесь к GPG для таблицы лидеров.,Hubungkan GPG untuk leaderboard.,Kết nối GPG để xem bảng xếp hạng.,ต้องเชื่อมต่อ GPG เพื่อดูอันดับ,Liderlik tablosu için Google Play Games'e bağlanmanız gerekiyor.
Failed to link,Failed to link your account.\nPlease contact customer support.,계정연동에 실패했습니다.\n고객센터에 문의해주세요.,アカウント連携に失敗しました。\nサポートにお問い合わせください。,账户绑定失败。\n请联系客户服务。,帳號綁定失敗。\n請聯絡客服。,Échec de la liaison du compte.\nVeuillez contacter le support client.,Error al vincular la cuenta.\nContacta con atención al cliente.,Collegamento account non riuscito.\nContatta l’assistenza clienti.,Konto konnte nicht verknüpft werden.Bitte kontaktiere den Kundendienst.,Falha ao vincular.\nContate o suporte.,Ошибка привязки.\nСвяжитесь с поддержкой.,Gagal menautkan akun.\nHubungi layanan.,Lỗi liên kết tài khoản.\nLiên hệ hỗ trợ.,เชื่อมบัญชีไม่สำเร็จ\nโปรดติดต่อฝ่ายบริการ,Hesap bağlama başarısız.\nLütfen destekle iletişime geçin.
has been logged out,Your account has been logged out.\nThe game will restart.,사용계정이 로그아웃 되었습니다.\n게임이 다시 시작됩니다.,アカウントがログアウトされました。\nゲームが再起動します。,账户已登出。\n游戏将重新启动。,帳號已登出。\n遊戲將重新啟動。,Votre compte a été déconnecté.Le jeu va redémarrer.,Tu cuenta ha sido cerrada.El juego se reiniciará.,Il tuo account è stato disconnesso.\nIl gioco verrà riavviato.,Dein Konto wurde abgemeldet.Das Spiel wird neu gestartet.,Conta desconectada.\nReiniciando.,Аккаунт разлогинен.\nПерезапуск.,Akun terlogout.\nMemulai ulang.,Tài khoản đã đăng xuất.\nĐang khởi động lại.,บัญชีถูกออกจากระบบ\nกำลังรีสตาร์ต,Hesap çıkış yaptı.\nOyun yeniden başlatılıyor.
Faild log out,Failed to log out.\nPlease contact customer support.\n{0},로그아웃이 실패했습니다.\n고객센터에 문의해주세요.\n{0},ログアウトに失敗しました。\nサポートにお問い合わせください。{0},登出失败。\n请联系客户服务。\n{0},登出失敗。\n請聯絡客服。\n{0},Échec de la déconnexion.Veuillez contacter le support client.\n{0},Error al cerrar sesión.\nContacta con atención al cliente.\n{0},Disconnessione non riuscita.\nContatta l’assistenza clienti.\n{0},Abmeldung fehlgeschlagen.\nBitte kontaktiere den Kundendienst.\n{0},Falha ao sair.\nContate o suporte.\n{0},Ошибка выхода.\nСвяжитесь с поддержкой.\n{0},Gagal logout.\nHubungi layanan.\n{0},Lỗi đăng xuất.\nLiên hệ hỗ trợ.\n{0},ออกจากระบบไม่สำเร็จ\nโปรดติดต่อฝ่ายบริการ\n{0},Çıkış başarısız.\nLütfen destekle iletişime geçin.\n{0}
Please check network,This feature is only available online.\nPlease check your network connection\nand try again.,온라인 상태에서만\n가능합니다.\n네트워크 연결 후\n다시 진행해 주세요.,この機能はオンライン時のみ利用可能です。\nネットワーク接続を確認して再試行してください。,此功能仅在在线状态下可用。\n请检查网络连接后重试。,此功能僅在在線狀態下可用。\n請檢查網路連線後重試。,Cette fonction est disponible uniquement en ligne.\nVérifiez votre connexion réseau et réessayez.,Esta función solo está disponible en línea.\nVerifica tu conexión de red e inténtalo de nuevo.,Questa funzione è disponibile solo online.Controlla la connessione di rete e riprova.,Diese Funktion ist nur online verfügbar.\nBitte überprüfe deine Netzwerkverbindung und versuche es erneut.,Disponível somente online.,Доступно только онлайн.,Hanya tersedia online.,Chỉ khả dụng khi online.,ใช้งานได้เฉพาะออนไลน์,Bu özellik yalnızca çevrimiçi kullanılabilir.
Login failed,Login failed.\nPlease try again later.\n({0}),로그인에 실패했습니다.\n잠시 후 다시 시도해주세요.\n({0},ログインに失敗しました。\nしばらくしてから再試行してください。\n({0}),登录失败。\n请稍后重试。\n({0}),登入失敗。\n請稍後重試。\n({0}),Échec de la connexion.Veuillez réessayer plus tard.\n({0}),Error al iniciar sesión.Inténtalo más tarde.({0}),Accesso non riuscito.Riprova più tardi.\n({0}),Anmeldung fehlgeschlagen.Bitte versuche es später erneut.\n({0}),Falha ao entrar.\nTente mais tarde.\n({0}),Ошибка входа.\nПовторите позже.\n({0}),Gagal login.\nCoba lagi nanti.\n({0}),Lỗi đăng nhập.\nThử lại sau.\n({0}),เข้าสู่ระบบไม่สำเร็จ\nโปรดลองใหม่\n({0}),Giriş başarısız.\nLütfen daha sonra tekrar deneyin.\n({0})
Successfully linked,Successfully linked with {0}.,{0}으로\n연동 되었습니다.,{0}と連携しました。,已与 {0} 绑定。,已與 {0} 綁定。,Connecté avec succès à {0}.,Vinculado con éxito con {0}.,Collegato con successo con {0}.,Erfolgreich mit {0} verknüpft.,Vinculado com {0}.,Успешно привязано к {0}.,Berhasil ditautkan dengan {0}.,Đã liên kết với {0}.,เชื่อมบัญชีกับ {0} สำเร็จแล้ว,{0} ile başarıyla bağlandı.
Save your game,Proceed with <color=#FF8436>Account Linking</color>\nto safely save your game data.,<color=#FF8436>계정연동</color>을 진행하여\n게임정보를 안전하게 저장하세요.,<color=#FF8436>アカウント連携</color>を行い、\nゲームデータを安全に保存してください。,通过<color=#FF8436>账户绑定</color>来安全保存您的游戏数据。,透過<color=#FF8436>帳號綁定</color>來安全保存您的遊戲資料。,Procédez à la <color=#FF8436>liaison de compte</color> pour enregistrer vos données de jeu en toute sécurité.,Procede con la <color=#FF8436>vinculación de cuenta</color> para guardar tus datos de forma segura.,Procedi con la <color=#FF8436>collegamento account</color> per salvare i dati di gioco in modo sicuro.,"Führe die <color=#FF8436>Konto-Verknüpfung</color> durch, um deine Spieldaten sicher zu speichern.",Prossiga com <color=#FF8436>Vincular Conta</color> para salvar seus dados.,Продолжить <color=#FF8436>привязку аккаунта</color>\nдля защиты данных.,Lanjutkan <color=#FF8436>Penautan Akun</color>\nuntuk menyimpan data.,Tiếp tục <color=#FF8436>Liên kết Tài khoản</color>\nđể lưu dữ liệu an toàn.,ดำเนินการ <color=#FF8436>เชื่อมบัญชี</color>\nเพื่อบันทึกข้อมูลอย่างปลอดภัย,Oyun verilerinizi güvenli biçimde saklamak için\n<color=#FF8436>Hesap Bağlama</color> kullanın.
Remove Ads,Remove Ads,광고 제거,広告削除,移除广告,移除廣告,Supprimer les publicités,Eliminar anuncios,Rimuovi annunci,Werbung entfernen,Remover Anúncios,Убрать рекламу,Hapus Iklan,Gỡ quảng cáo,ลบโฆษณา,Reklamları Kaldır
Remove Message1,Do you want to remone ads?,광고를 제거하시겠습니까?,広告を削除しますか？,是否要移除广告？,是否要移除廣告？,Voulez-vous supprimer les publicités ?,¿Quieres eliminar los anuncios?,Vuoi rimuovere gli annunci?,Möchtest du die Werbung entfernen?,Remover anúncios?,Убрать рекламу?,Hapus iklan?,Gỡ quảng cáo?,ลบโฆษณาหรือไม่?,Reklamlar kaldırılsın mı?
Remove Message2,(Removes ads that appear during gameplay.),(게임 중간에 나오는 광고를 제거합니다.),（プレイ中に表示される広告を削除します。）,（移除游戏过程中出现的广告。）,（移除遊戲過程中出現的廣告。）,(Supprime les publicités affichées pendant le jeu.),(Elimina los anuncios que aparecen durante el juego.),(Rimuove gli annunci che compaiono durante il gioco.),"(Entfernt Werbung, die während des Spiels angezeigt wird.)",(Remove anúncios durante o jogo.),(Убирает рекламу во время игры.),(Menghapus iklan saat bermain.),(Gỡ quảng cáo trong khi chơi.),(ลบโฆษณาระหว่างการเล่น),(Oyun sırasında çıkan reklamları kaldırır.)
Later,Later,나중에,後で,稍后,稍後,Plus tard,Más tarde,Più tardi,Später,Depois,Позже,Nanti,Để sau,ภายหลัง,Daha sonra
IAPInitError,In-app initialization error.\nPurchases are currently unavailable.,인앱 초기화 오류입니다.\n지금은 구매 할 수 없습니다.,アプリ内購入の初期化エラーです。\n現在は購入できません。,应用内购买初始化错误。\n目前无法购买。,應用內購買初始化錯誤。\n目前無法購買。,Erreur d’initialisation des achats intégrés.\nL’achat est actuellement indisponible.,Error de inicialización de compra integrada.\nNo se puede comprar en este momento.,Errore di inizializzazione degli acquisti in-app.\nAl momento non è possibile acquistare.,In-App-Kauf-Initialisierungsfehler.\nDer Kauf ist derzeit nicht möglich.,Erro de inicialização.\nCompras indisponíveis.,Ошибка инициализации.\nПокупки недоступны.,Kesalahan inisialisasi.\nPembelian tidak tersedia.,Lỗi khởi tạo.\nKhông thể mua hàng.,ข้อผิดพลาดในการเริ่มต้น\nไม่สามารถซื้อได้,Başlatma hatası.\nSatın alma şu anda kullanılamıyor.
IAPError,In-app error.\nPurchases are currently unavailable.,인앱 오류입니다.\n지금은 구매 할 수 없습니다.,アプリ内購入エラーです。\n現在は購入できません。,应用内购买错误。\n目前无法购买。,應用內購買錯誤。\n目前無法購買。,Erreur d’achat intégré.\nL’achat est actuellement indisponible.,Error de compra integrada.\nNo se puede comprar en este momento.,Errore di acquisto in-app.\nAl momento non è possibile acquistare.,In-App-Kauffehler.\nDer Kauf ist derzeit nicht möglich.,Erro interno.\nCompras indisponíveis.,Ошибка системы.\nПокупки недоступны.,Kesalahan sistem.\nPembelian tidak tersedia.,Lỗi hệ thống.\nKhông thể mua hàng.,ข้อผิดพลาดระบบ\nไม่สามารถซื้อได้,Sistem hatası.\nSatın alma şu anda kullanılamıyor.
NotEnoughGold,Not enough gold.,골드가 부족합니다.,ゴールドが足りません。,金币不足。,金幣不足。,Pas assez d’or.,No hay suficiente oro.,Oro insufficiente.,Nicht genug Gold.,Ouro insuficiente.,Недостаточно золота.,Emas tidak cukup.,Không đủ vàng.,ทองไม่พอ,Yetersiz altın.
NotEnoughTicket,Not enough tickets.,티켓이 부족합니다.,チケットが足りません。,门票不足。,門票不足。,Pas assez de tickets.,No hay suficientes boletos.,Biglietti insufficienti.,Nicht genug Tickets.,Tickets insuficientes.,Недостаточно билетов.,Tiket tidak cukup.,Không đủ vé.,ตั๋วไม่พอ,Yetersiz bilet.
AdsFreeComplete,Enjoy the game without ads during gameplay.,게임 중간에 나오는 광고 없이 게임을 즐기실 수 있습니다.,ゲームの途中に表示される広告なしでプレイを楽しめます。,在没有游戏中插播广告的情况下尽情享受游戏。,在沒有遊戲中插播廣告的情況下盡情享受遊戲。,Profitez du jeu sans publicités pendant les parties.,Disfruta del juego sin anuncios durante las partidas.,Goditi il gioco senza pubblicità durante le partite.,Genieße das Spiel ohne Werbung während des Spielverlaufs.,Jogue sem anúncios.,Играйте без рекламы.,Nikmati game tanpa iklan.,Chơi không quảng cáo.,สนุกกับเกมแบบไม่มีโฆษณา,Oyun sırasında reklamsız oynayın.
StageFailed,Stage Failed!,스테이지 실패!,ステージ失敗！,关卡失败！,關卡失敗！,Échec du niveau !,¡Nivel fallido!,Livello fallito!,Stufe fehlgeschlagen!,Falha na Fase!,Уровень провален!,Stage Gagal!,Thua màn!,ด่านล้มเหลว!,Bölüm Başarısız!
TryAgain,Try again.,다시 시도하기,もう一度挑戦。,再试一次。,再試一次。,Réessayer.,Inténtalo de nuevo.,Riprova.,Erneut versuchen.,Tente novamente.,Попробовать снова.,Coba lagi.,Thử lại.,ลองอีกครั้ง,Tekrar dene.
Stage,Stage {0},스테이지 {0},ステージ {0},关卡 {0},關卡 {0},Niveau {0},Etapa {0},Livello {0},Stufe {0},Fase {0},Уровень {0},Stage {0},Màn {0},ด่าน {0},Bölüm {0}
BossStage,Boss Stage,보스 스테이지,ボスステージ,Boss关卡,Boss關卡,Niveau Boss,Etapa Jefe,Livello Boss,Boss-Stufe,Fase Boss,Босс-уровень,Stage Boss,Màn Boss,ด่านบอส,Boss Bölümü
NoReward,No reward,보상 없음,報酬なし,无奖励,無獎勵,Pas de récompense,Sin recompensa,Nessuna ricompensa,Keine Belohnung,Sem recompensa,Нет награды,Tidak ada hadiah,Không có thưởng,ไม่มีรางวัล,Ödül yok
AlreadyReward,Reward already claimed.,이미 보상을 받은 스테이지입니다.,すでに報酬を受け取りました。,已领取奖励。,已領取獎勵。,Récompense déjà reçue.,Recompensa ya recibida.,Ricompensa già ricevuta.,Belohnung bereits erhalten.,Recompensa já coletada.,Награда уже получена.,Hadiah sudah diklaim.,Thưởng đã nhận.,รับรางวัลแล้ว,Ödül zaten alındı.
Continue,Continue,계속하기,続ける,继续,繼續,Continuer,Continuar,Continua,Fortsetzen,Continuar,Продолжить,Lanjut,Tiếp tục,ดำเนินการต่อ,Devam
LEVEL UP,LEVEL UP!,레벨 업!,レベルアップ！,升级！,升級！,NIVEAU SUPÉRIEUR！,¡SUBE DE NIVEL!,LIVELLO SUPERIORE,STUFENAUFSTIEG!,LEVEL UP!,Уровень повышен!,LEVEL UP!,Tăng cấp!,เลเวลอัป!,SEVİYE ATLADIN!
Chat1,Move just one stick to complete the formula.,하나만 옮겨서 공식을 완성하세요.,1本だけ動かして式を完成させてください。,移动一根火柴完成公式。,移動一根火柴完成公式。,Déplacez un seul bâton pour compléter la formule.,Mueve solo un palito para completar la fórmula.,Sposta solo un fiammifero per completare la formula.,"Bewege nur ein Stäbchen, um die Formel zu vervollständigen.",Mova um palito para completar a fórmula.,"Переместите одну палочку, чтобы решить формулу.",Pindahkan satu stik untuk menyelesaikan rumus.,Di chuyển 1 que để hoàn thành công thức.,ขยับไม้เพียง 1 อันเพื่อแก้สมการ,Formülü tamamlamak için bir çöpşişi hareket ettirin.
Chat2,The formula cannot be completed because it is not recognized.,인식할 수 없어 공식을 완성할 수 없습니다.,認識できず、式を完成できません。,无法识别，无法完成公式。,無法識別，無法完成公式。,La formule ne peut pas être complétée car elle n’est pas reconnue.,La fórmula no puede completarse porque no se reconoce.,La formula non può essere completata perché non è riconosciuta.,"Die Formel kann nicht vervollständigt werden, da sie nicht erkannt wird.",A fórmula não pôde ser concluída.,Формула не может быть завершена.,Rumus tidak dapat diselesaikan.,Không thể hoàn thành công thức.,ไม่สามารถแก้สมการได้,Formül tamamlanamadı.
Chat3,There is no equal sign (=).,등호(=)가 없습니다.,等号（=）がありません。,没有等号（=）。,沒有等號（=）。,Il n’y a pas de signe égal (=).,No hay signo igual (=).,Non c’è il segno uguale (=).,Es gibt kein Gleichheitszeichen (=).,Não há sinal de igual (=).,Нет знака равенства (=).,Tidak ada tanda sama dengan (=).,Không có dấu '='.,ไม่มีเครื่องหมายเท่ากับ (=),Eşittir işareti (=) yok.
Free Gold,Free Gold,무료 골드,無料ゴールド,免费金币,免費金幣,Or gratuit,Oro gratis,Oro gratuito,Kostenloses Gold,Ouro Grátis,Бесплатное золото,Emas Gratis,Vàng miễn phí,ทองฟรี,Bedava Altın
Mission,Mission,미션,ミッション,任务,任務,Mission,Misión,Missione,Mission,Missão,Миссия,Misi,Nhiệm vụ,ภารกิจ,Görev
Ad Reward Received,Ad Reward Received,광고 보상 획득,広告報酬を獲得,获得广告奖励,獲得廣告獎勵,Récompense publicitaire reçue,Recompensa de anuncio recibida,Ricompensa pubblicitaria ricevuta,Werbebonus erhalten,Recompensa de Anúncio,Награда за рекламу,Hadiah Iklan,Thưởng quảng cáo,รางวัลโฆษณา,Reklam Ödülü
UnlokedM1,Unlocked.\nEnjoy the higher difficulty.,잠금해제되었습니다.\n더 높은 난이도를 즐겨보세요.,ロックが解除されました。\nより高い難易度をお楽しみください。,已解锁。\n享受更高的难度吧。,已解鎖。\n享受更高的難度吧。,Déverrouillé.\nProfitez d’un niveau de difficulté plus élevé.,Desbloqueado.\nDisfruta de una dificultad mayor.,Sbloccato.\nGoditi una difficoltà più alta.,Freigeschaltet.\nGenieße den höheren Schwierigkeitsgrad.,Desbloqueado.\nAproveite a dificuldade maior.,Разблокировано.\nСложность повышена.,Terbuka.\nNikmati kesulitan lebih tinggi.,Đã mở khóa.\nHãy thử độ khó cao hơn.,ปลดล็อกแล้ว\nสนุกกับความยากที่สูงขึ้น,Açıldı.\nDaha zorlu bir seviyenin tadını çıkarın.
UnlokedM2,Unlocked.\nEnjoy the new mode.,잠금해제되었습니다.\n새로운 모드를 즐겨보세요.,ロックが解除されました。\n新しいモードをお楽しみください。,已解锁。\n享受新的模式吧。,已解鎖。\n享受新的模式吧。,Déverrouillé.\nProfitez du nouveau mode.,Desbloqueado.\nDisfruta del nuevo modo.,Sbloccato.\nGoditi la nuova modalità.,Freigeschaltet.\nGenieße den neuen Modus.,Desbloqueado.\nAproveite o novo modo.,Разблокировано.\nНовый режим!,Terbuka.\nNikmati mode baru.,Đã mở khóa.\nHãy thử chế độ mới.,ปลดล็อกแล้ว\nสนุกกับโหมดใหม่,Açıldı.\nYeni modu deneyin.
AppSubTitle,Solve each puzzle by moving just one stick!,단 한 번의 이동으로 수식을 완성하세요!,たった1本動かして正解を見つけよう！,只需移动一根火柴，就能解开谜题！,只需移動一根火柴，就能解開謎題！,Résous l’équation avec une seule allumette !,¡Resuelve el rompecabezas moviendo solo una cerilla!,Sposta un solo fiammifero per risolvere l’equazione!,Löse das Rätsel mit nur einem Streichholz!,Resolva movendo apenas um palito!,"Решайте, двигая только одну палочку!",Selesaikan hanya dengan satu stik!,Giải bằng cách chỉ di chuyển 1 que!,แก้ปริศนาด้วยการขยับไม้เพียงอันเดียว!,Sadece bir çöpşiş hareketiyle çöz!
ValueSale,{0}% <size=32>Off</size>,{0}% <size=32>할인</size>,{0}% <size=32>セール</size>,{0}% <size=32>折扣</size>,{0}% <size=32>折扣</size>,{0}% <size=32>de réduction</size>,{0}% <size=32>de descuento</size>,<size=32>Sconto del</size> {0}% ,{0}% <size=32>Rabatt</size>,{0}% <size=32>Desconto</size>,{0}% <size=32>Скидка</size>,{0}% <size=32>Diskon</size>,{0}% <size=32>Giảm</size>,{0}% <size=32>ลดราคา</size>,{0}% <size=32>İndirim</size>
GateStage,Gate Stage {0},제 {0} 관문 스테이지,第{0}ゲートステージ,第{0}门关卡,第{0}門關卡,Stage Porte {0},Escenario Puerta {0},Fase Porta {0},Tor-Stufe {0},Estágio do Portão {0},Этап Ворот {0},Tahap Gerbang {0},Màn Quan ải {0},ด่านประตู {0},Kapı Aşaması {0}
Tutorial1,"Three random puzzles you previously solved will appear.\nTime is decreasing and red stars will fade one by one, so solve them quickly!\nProtect all 3 red stars to earn the best rewards.","지금까지 풀어온 문제 중 3개가 무작위로 등장합니다.\n줄어드는 시간과 함께 레드 별도 하나씩 사라지니, 빠르게 해결하세요!\n레드 별 3개를 모두 지켜 클리어하면 최고의 보상을 받을 수 있습니다.",これまで解いてきた問題の中からランダムで3問が登場します。\n時間が減るにつれてレッドスターも1つずつ消えていくので、素早くクリアしましょう！\nレッドスター3つを守り切ってクリアすると、最高の報酬が手に入ります。,从你之前解过的题目中会随机出现3道题。\n时间不断减少，红色星星也会一个一个消失，请快速解答！\n守住全部3颗红色星星通关，即可获得最丰厚的奖励。,會從你之前解過的題目中隨機出現3題。\n隨著時間減少，紅色星星也會一顆一顆消失，請迅速解答！\n守住全部3顆紅色星星通關，即可獲得最豐厚的獎勵。,"Trois énigmes déjà résolues apparaîtront au hasard.\nLe temps diminue et les étoiles rouges disparaissent une par une, alors agissez vite !\nProtégez les 3 étoiles rouges pour obtenir les meilleures récompenses.","Tres acertijos que ya resolviste aparecerán de forma aleatoria.\nEl tiempo disminuye y las estrellas rojas desaparecerán una a una, ¡así que resuélvelos rápido!\nSi logras mantener las 3 estrellas rojas, recibirás las mejores recompensas.","Tre puzzle già risolti appariranno in modo casuale.\nIl tempo si riduce e le stelle rosse svaniscono una a una, quindi risolvi rapidamente!\nProteggi tutte e 3 le stelle rosse per ottenere le migliori ricompense.","Drei zufällige Rätsel, die du bereits gelöst hast, erscheinen erneut.\nDie Zeit läuft ab und die roten Sterne verschwinden nacheinander – löse sie schnell!\nWenn du alle 3 roten Sterne behältst, erhältst du die besten Belohnungen.","Três quebra-cabeças que você já resolveu aparecerão aleatoriamente.\nO tempo está diminuindo e as estrelas vermelhas desaparecem uma por uma, então resolva rápido!\nProteja as 3 estrelas vermelhas para receber as melhores recompensas.","Появятся три случайные задачи, которые вы уже решали.\nВремя уменьшается, и красные звёзды будут исчезать одна за другой, поэтому решайте быстрее!\nСохраните все 3 красные звезды, чтобы получить самые лучшие награды.","Tiga teka-teki acak yang pernah kamu selesaikan akan muncul.\nWaktu terus berkurang dan bintang merah akan hilang satu per satu, jadi selesaikan dengan cepat!\nLindungi semua 3 bintang merah untuk mendapatkan hadiah terbaik.","Ba câu đố ngẫu nhiên trong số những câu bạn đã giải sẽ xuất hiện.\nThời gian giảm dần và các sao đỏ sẽ biến mất từng cái một, hãy giải thật nhanh!\nGiữ đủ 3 sao đỏ khi hoàn thành để nhận phần thưởng tốt nhất.",จะมี 3 ด่านแบบสุ่มจากด่านที่คุณเคยผ่านมาก่อนโผล่ขึ้นมา\nเวลาจะลดลงและดาวแดงจะหายไปทีละดวง รีบแก้ไขให้เร็ว!\nหากรักษาดาวแดงทั้ง 3 ดวงไว้ได้ คุณจะได้รับรางวัลที่ดีที่สุด,"Daha önce çözdüğün bulmacalardan 3 tanesi rastgele ortaya çıkacak.\nZaman azalıyor ve kırmızı yıldızlar birer birer kayboluyor, bu yüzden hızlı çöz!\nTüm 3 kırmızı yıldızı koruyarak bitirirsen en iyi ödülleri alırsın."
Quit,Quit,나가기,終了,退出,退出,Quitter,Salir,Esci,Beenden,Sair,Выйти,Keluar,Thoát,ออก,Çıkış
TimesUp,Time's UP,시간 종료,時間切れ,时间到！,時間到！,Temps écoulé !,¡Tiempo agotado!,Tempo scaduto!,Die Zeit ist um!,O tempo acabou!,Время вышло!,Waktu habis!,Hết thời gian!,หมดเวลา!,Süre doldu!
Claim1,Claim,보상 ,報酬,奖励,獎勵,Récompense,Recompensa,Ricompensa,Belohnung,Receber,Получить,Klaim,Nhận,รับ,Al
InfiniteSurvival,Watch an ad to restore 50% of the gauge\nand keep playing!,광고 시청으로 게이지 50% 보충하고\n계속 플레이하세요!,広告を見るとゲージが50%回復し、\n続けてプレイできます！,观看广告可恢复 50% 的能量槽，\n继续游戏！,觀看廣告可恢復 50% 的能量槽，\n並繼續遊戲！,Regardez une pub pour restaurer 50% de la jauge\net continuer à jouer !,Mira un anuncio para restaurar el 50% de la barra\n¡y seguir jugando!,Guarda un annuncio per ripristinare il 50% della barra\ne continuare a giocare!,"Schau dir eine Werbung an, um 50 % der Leiste\nwiederherzustellen und weiterzuspielen!",Assista a um anúncio para restaurar 50% da barra\ne continuar jogando!,"Посмотрите рекламу, чтобы восстановить 50% шкалы\nи продолжить игру!",Tonton iklan untuk memulihkan 50% bar\ndan lanjut bermain!,Xem quảng cáo để hồi phục 50% thanh năng lượng\nvà tiếp tục chơi!,ดูโฆษณาเพื่อฟื้นเกจ 50%\nแล้วเล่นต่อ!,Reklam izleyerek göstergenin %50’sini doldur\nve oynamaya devam et!
SurvivalTip,"Tip: The more you maintain your combo, the higher your score.",팁 : 콤보를 이어갈수록 점수가 더 올라갑니다.,ヒント：コンボを続けるほどスコアが上がります。,提示：连击数越高，得分越高。,提示：連擊數越高，得分越高。,"Astuce : Plus vous enchaînez les combos, plus le score augmente.","Consejo: Cuantos más combos encadenes, más sube la puntuación.","Suggerimento: Più combo fai, più alto sarà il punteggio.","Tipp: Je länger deine Kombo-Serie, desto höher die Punktzahl.","Dica: Quanto mais você mantiver o combo, maior será a pontuação.","Подсказка: чем длиннее комбо, тем выше счёт.","Tip: Semakin panjang kombo, semakin tinggi skornya.","Mẹo: Giữ combo càng lâu, điểm càng cao.",เคล็ดลับ: ยิ่งต่อคอมโบได้นาน คะแนนยิ่งสูง,İpucu: Kombo ne kadar uzun olursa puan o kadar artar.
RecentScore,Last Score,최근 점수,直近のスコア,最近分数,最近分數,Score récent,Puntuación reciente,Ultimo punteggio,Letzter Score,Pontuação recente,Последний счёт,Skor terbaru,Điểm gần nhất,คะแนนล่าสุด,Son skor
Combo,Combo,콤보,コンボ,连击,連擊,Combo,Combo,Combo,Kombo,Combo,Комбо,Kombo,Combo,คอมโบ,Kombo
DAILY,DAILY,일일,デイリー,每日,每日,Quotidien,Diario,Giornaliero,Täglich,Diário,Ежедневно,Harian,Hằng ngày,รายวัน,Günlük
CHALLENGES,CHALLENGES,도전,チャレンジ,挑战,挑戰,Défis,Desafíos,Sfide,Herausforderungen,Desafios,Испытания,Tantangan,Thử thách,ความท้าทาย,Meydan Okuma
Language,English,한국어,日本語,中文(简体),中文(繁體),Français,Español,Italiano,Deutsch,Português,Русский,Bahasa Indonesia,Tiếng Việt,ไทย,"Türkçe												"
Combo_1_Good,GOOD!,굿!,グッド！,好！,好！,BIEN !,¡BIEN!,BENE!,GUT!,BOM!,ХОРОШО!,BAGUS!,TỐT!,ดี!,İYİ!
Combo_2_Great,GREAT!,그레이트!,グレート！,太棒了！,太棒了！,GÉNIAL !,¡GENIAL!,OTTIMO!,GROSSARTIG!,ÓTIMO!,ОТЛИЧНО!,KEREN!,TUYỆT!,เยี่ยม!,HARİKA!
Combo_3_Awesome,AWESOME!,최고!,すごい！,太棒了！,太棒了！,FANTASTIQUE !,¡INCREÍBLE!,FANTASTICO!,FANTASTISCH!,INCRÍVEL!,ПОТРЯСАЮЩЕ!,LUAR BIASA!,TUYỆT VỜI!,สุดยอด!,MÜTHİŞ!
Combo_4_Amazing,AMAZING!,어메이징!,アメージング！,惊人！,驚人！,INCROYABLE !,¡INCREÍBLE!,INCREDIBILE!,ERSTAUNLICH!,INCRÍVEL!,УДИВИТЕЛЬНО!,MENAKJUBKAN!,KINH NGẠC!,เหลือเชื่อ!,ŞAŞIRTICI!
Combo_5_Fantastic,FANTASTIC!,환상적!,ファンタスティック！,太精彩了！,太精彩了！,FANTASTIQUE !,¡FANTÁSTICO!,FANTASTICO!,FANTASTISCH!,FANTÁSTICO!,ФАНТАСТИКА!,FANTASTIS!,TUYỆT VỜI!,สุดฟิน!,MUHTEŞEM!
Combo_6_Fever,FEVER TIME!,피버 타임!,フィーバータイム！,狂热时间！,狂熱時間！,MODE FIÈVRE !,¡MODO FIEBRE!,MODALITÀ FEBBRE!,FIEBERMODUS!,MODO FRENESI!,РЕЖИМ ФЕВЕР!,MODE DEMAM!,CHẾ ĐỘ SỐT!,โหมดฟีเวอร์!,ATEŞ MODU!
NickNamePopupMessage,Please enter your new nickname.,변경 할 별명을 입력해주세요.,新しいニックネームを入力してください。,请输入要更改的昵称。,請輸入要更改的暱稱。,Veuillez entrer votre nouveau pseudo.,"Por favor, ingresa tu nuevo apodo.",Inserisci il tuo nuovo nickname.,Bitte gib deinen neuen Spitznamen ein.,"Por favor, insira seu novo apelido.","Пожалуйста, введите ваш новый никнейм.",Silakan masukkan nama panggilan baru Anda.,Vui lòng nhập biệt danh mới.,กรุณากรอกชื่อเล่นใหม่ของคุณ,Lütfen yeni kullanıcı adınızı girin.
NickNamePopupTitle,Change Nickname,별명 바꾸기,ニックネーム変更,更改昵称,更改暱稱,Changer le pseudo,Cambiar apodo,Cambia nickname,Spitznamen ändern,Alterar apelido,Изменить никнейм,Ubah nama panggilan,Đổi biệt danh,เปลี่ยนชื่อเล่น,Kullanıcı Adını Değiştir
PushAlarm,Push Alarm,푸쉬 알람,プッシュ通知,推送通知,推播通知,Notification Push,Aviso Push,Notifica Push,Benachrichtigung,Push de Notificação,Уведомление Push,Push Notifikasi,Thông báo đẩy,การแจ้งเตือนแบบพุช,Push Bildirimi
Vibration,Vibration,진동,バイブレーション,振动,震動,Vibration,Vibración,Vibrazione,Vibration,Vibração,Вибрация,Getaran,Rung,การสั่นสะเทือน,Titreşim
VerifyingPurchaseRecovery,Verifying restored purchases,구매 복구 확인 중,購入復元を確認中,正在验证购买恢复,正在驗證購買復原,Verification des achats restaurés...,Verificando compras restauradas...,Verifica degli acquisti ripristinati...,Wiederhergestellte Käufe werden überprüft...,Verificando compras restauradas...,Проверка восстановленных покупок...,Memverifikasi pembelian yang dipulihkan...,Đang xác minh mua hàng đã khôi phục...,กำลังตรวจสอบการกู้คืนการซื้อ...,Geri yüklenen satın alımlar doğrulanıyor...
OfflineRecovery,Purchases are available only while online.\nPlease check your connection and try again.,온라인 상태에서만\n상품 구매가 가능합니다.\n네트워크 연결 후\n다시 시도해 주세요.,オンライン状態でのみ\n商品を購入できます。\nネットワークに接続して\nもう一度お試しください。,仅在在线状态下\n可以购买商品。\n请连接网络后\n重试。,僅在線狀態下\n才可購買商品。\n請連接網路後\n再試一次。,Achats disponibles uniquement en ligne.\nVérifiez votre connexion et réessayez.,Las compras solo están disponibles en línea.\nComprueba tu conexión e inténtalo de nuevo.,Gli acquisti sono disponibili solo online.\nControlla la connessione e riprova.,Käufe sind nur online verfügbar.\nBitte Verbindung prüfen und erneut versuchen.,As compras só estão disponíveis online.\nVerifique sua conexão e tente novamente.,Покупки доступны только онлайн.\nПроверьте соединение и попробуйте снова.,Pembelian hanya tersedia saat online.\nPeriksa koneksi dan coba lagi.,Mua hàng chỉ khả dụng khi trực tuyến.\nVui lòng kiểm tra kết nối và thử lại.,การซื้อทำได้เฉพาะขณะออนไลน์\nกรุณาตรวจสอบการเชื่อมต่อแล้วลองใหม่.,Satın alma yalnızca çevrimiçiyken mümkündür.\nBağlantınızı kontrol edip tekrar deneyin.
LaterPurchase,Purchases are temporarily unavailable. ({0})\nPlease try again later.,지금은 구매 할 수 없습니다.({0})\n잠시 후 다시 시도해주세요.,現在購入できません。({0})\nしばらくしてから\n再度お試しください。,目前无法购买。({0})\n请稍后再试。,目前無法購買。({0})\n請稍後再試。,Achat temporairement indisponible. ({0})\nVeuillez réessayer plus tard.,La compra no está disponible temporalmente. ({0})\nInténtalo más tarde.,Acquisto temporaneamente non disponibile. ({0})\nRiprova più tardi.,Kauf vorübergehend nicht verfügbar. ({0})\nBitte später erneut versuchen.,Compra temporariamente indisponível. ({0})\nTente novamente mais tarde.,Покупка временно недоступна. ({0})\nПовторите попытку позже.,Pembelian sementara tidak tersedia. ({0})\nCoba lagi nanti.,Không thể mua hàng tạm thời. ({0})\nVui lòng thử lại sau.,ไม่สามารถซื้อได้ชั่วคราว ({0})\nกรุณาลองใหม่ภายหลัง.,Satın alma geçici olarak kullanılamıyor. ({0})\nLütfen daha sonra tekrar deneyin.
RecoveryPuchaseComplete,Purchase restoration completed.,구매 복구 완료,購入復元が完了しました。,购买恢复完成。,購買復原完成。,Restauration des achats terminée.,Restauración de compras completada.,Ripristino acquisti completato.,Wiederherstellung abgeschlossen.,Restauração de compras concluída.,Восстановление покупок завершено.,Pemulihan pembelian selesai.,Đã khôi phục mua hàng.,การกู้คืนการซื้อเสร็จสมบูรณ์,Satın alma geri yükleme tamamlandı.
NoneRecovery,No purchases to restore.,복구할 상품이 없습니다.,復元できる商品がありません。,没有可恢复的商品。,沒有可復原的商品。,Aucun achat à restaurer.,No hay compras para restaurar.,Nessun acquisto da ripristinare.,Keine Käufe zum Wiederherstellen.,Não há compras para restaurar.,Нет покупок для восстановления.,Tidak ada pembelian untuk dipulihkan.,Không có mua hàng nào để khôi phục.,ไม่มีรายการให้กู้คืน,Geri yüklenecek satın alma yok.
OfflineRecovery_Restore,Purchase restoration is available only while online.\nPlease check your connection and try again.,온라인 상태에서만\n구매복구가 가능합니다.\n네트워크 연결 후\n다시 진행해 주세요.,オンライン状態でのみ\n購入復元が可能です。\nネットワーク接続後\n再度お試しください。,仅在在线状态下\n可以恢复购买。\n请连接网络后\n再试。,僅在線狀態下\n可進行購買復原。\n請連接網路後\n再試。,Restauration disponible uniquement en ligne.\nVérifiez votre connexion et réessayez.,La restauración solo está disponible en línea.\nComprueba tu conexión e inténtalo de nuevo.,Il ripristino è disponibile solo online.\nControlla la connessione e riprova.,Wiederherstellung nur online möglich.\nBitte Verbindung prüfen und erneut versuchen.,A restauração só está disponível online.\nVerifique sua conexão e tente novamente.,Восстановление доступно только онлайн.\nПроверьте соединение и попробуйте снова.,Pemulihan hanya tersedia saat online.\nPeriksa koneksi dan coba lagi.,Khôi phục mua hàng chỉ khả dụng khi trực tuyến.\nVui lòng kiểm tra kết nối và thử lại.,กู้คืนการซื้อได้เฉพาะขณะออนไลน์\nกรุณาตรวจสอบการเชื่อมต่อแล้วลองใหม่.,Satın alma geri yükleme yalnızca çevrimiçiyken mümkündür.\nBağlantınızı kontrol edip tekrar deneyin.
FailPuchaseInit,Failed to load products.\nPlease try again later.,상품 목록 초기화에\n실패했습니다.\n잠시 후 다시 진행해 주세요.,商品リストの初期化に\n失敗しました。\nしばらくしてから\n再度お試しください。,商品列表初始化失败。\n请稍后再试。,商品清單初始化失敗。\n請稍後再試。,Échec du chargement des produits.\nVeuillez réessayer plus tard.,Error al cargar los productos.\nInténtalo de nuevo más tarde.,Impossibile caricare i prodotti.\nRiprova più tardi.,Produkte konnten nicht geladen werden.\nBitte später erneut versuchen.,Falha ao carregar produtos.\nTente novamente mais tarde.,Не удалось загрузить товары.\nПовторите попытку позже.,Gagal memuat produk.\nCoba lagi nanti.,Không thể tải sản phẩm.\nVui lòng thử lại sau.,โหลดสินค้าไม่สำเร็จ\nกรุณาลองใหม่ภายหลัง.,Ürünler yüklenemedi.\nLütfen daha sonra tekrar deneyin.
OfflineAd,Ads are available only while online.\nPlease check your connection and try again.,온라인 상태에서만\n광고 보기가 가능합니다.\n네트워크 연결 후\n다시 시도해 주세요.,オンライン状態でのみ\n広告を視聴できます。\nネットワーク接続後\n再度お試しください。,仅在在线状态下\n可以观看广告。\n请连接网络后\n重试。,僅在線狀態下\n可觀看廣告。\n請連接網路後\n再試。,Les publicités sont disponibles uniquement en ligne.\nVérifiez votre connexion et réessayez.,Los anuncios solo están disponibles en línea.\nComprueba tu conexión e inténtalo de nuevo.,Gli annunci sono disponibili solo online.\nControlla la connessione e riprova.,Werbung ist nur online verfügbar.\nBitte Verbindung prüfen und erneut versuchen.,Os anúncios só estão disponíveis online.\nVerifique sua conexão e tente novamente.,Реклама доступна только онлайн.\nПроверьте соединение и попробуйте снова.,Iklan hanya tersedia saat online.\nPeriksa koneksi dan coba lagi.,Quảng cáo chỉ khả dụng khi trực tuyến.\nVui lòng kiểm tra kết nối và thử lại.,ดูโฆษณาได้เฉพาะขณะออนไลน์\nกรุณาตรวจสอบการเชื่อมต่อแล้วลองใหม่.,Reklamlar yalnızca çevrimiçiyken kullanılabilir.\nBağlantınızı kontrol edip tekrar deneyin.
FailAdLoad,The ad isn't ready yet.\nPlease try again shortly.,광고 준비가 안되었습니다.\n잠시 후 다시 시도해 주세요.,広告の準備が\nできていません。\nしばらくしてから\n再度お試しください。,广告尚未准备好。\n请稍后再试。,廣告尚未準備完成。\n請稍後再試。,La publicité n'est pas encore prête.\nVeuillez réessayer bientôt.,El anuncio aún no está listo.\nVuelve a intentarlo en un momento.,L'annuncio non è ancora pronto.\nRiprova tra poco.,Die Werbung ist noch nicht bereit.\nBitte in Kürze erneut versuchen.,O anúncio ainda não está pronto.\nTente novamente em instantes.,Реклама еще не готова.\nПовторите попытку чуть позже.,Iklan belum siap.\nCoba lagi sebentar lagi.,Quảng cáo chưa sẵn sàng.\nVui lòng thử lại trong giây lát.,โฆษณายังไม่พร้อม\nกรุณาลองใหม่อีกสักครู่.,Reklam henüz hazır değil.\nLütfen kısa süre sonra tekrar deneyin.
Checking account,Checking account...,계정 확인 중…,アカウント確認中…,正在检查账号…,正在檢查帳號…,Vérification du compte…,Comprobando cuenta…,Verifica dell'account…,Kontoprüfung läuft…,Verificando conta…,Проверка аккаунта…,Memeriksa akun…,Đang kiểm tra tài khoản…,กำลังตรวจสอบบัญชี…,Hesap kontrol ediliyor...
Checking version,Checking version...,버전 확인 중…,バージョン確認中…,正在检查版本…,正在檢查版本…,Vérification de la version…,Comprobando versión…,Verifica della versione…,Versionsprüfung läuft…,Verificando versão…,Проверка версии…,Memeriksa versi…,Đang kiểm tra phiên bản…,กำลังตรวจสอบเวอร์ชัน…,Sürüm kontrol ediliyor...
Coming Soon,Coming Soon,출시 예정,近日公開,即将推出,即將推出,Bientôt disponible,Próximamente,Prossimamente,Demnächst,Em breve,Скоро,Segera Hadir,Sắp ra mắt,เร็วๆ นี้,Yakında
Get3RedStars,Get 3 Red Stars!,레드 스타 3개를 모으세요!,レッドスターを3つ集めよう！,获得3颗红星！,獲得3顆紅星！,Obtenez 3 étoiles rouges !,¡Consigue 3 estrellas rojas!,Ottieni 3 stelle rosse!,Hol dir 3 rote Sterne!,Ganhe 3 estrelas vermelhas!,Получите 3 красные звезды!,Dapatkan 3 Bintang Merah!,Thu thập 3 Ngôi sao Đỏ!,รับดาวแดง 3 ดวง!,3 Kırmızı Yıldız kazanın!
GoNavigate,Go,이동하기,移動,前往,前往,Aller,Ir,Vai,Gehen,Ir,Перейти,Pergi,Đi,ไป,Git
RedStarListEmpty,"Right now, there are no gate stages where you can earn more red stars.",지금은 레드 스타를 더 모을 수 있는 관문 스테이지가 없습니다.,現在、レッドスターをさらに集められる関門ステージはありません。,目前没有可收集更多红星的关卡阶段。,目前沒有可收集更多紅星的關卡階段。,"Actuellement, il n'y a aucune étape-passage pour gagner plus d'étoiles rouges.","Por ahora, no hay etapas de acceso para conseguir más estrellas rojas.","Al momento, non ci sono livelli di passaggio per ottenere altre stelle rosse.","Derzeit gibt es keine Tor-Phasen, in denen du weitere rote Sterne sammeln kannst.","No momento, não há fases de portão para coletar mais estrelas vermelhas.","Сейчас нет этапов-ворот, где можно получить больше красных звёзд.",Saat ini tidak ada tahap gerbang untuk mengumpulkan lebih banyak bintang merah.,Hiện không có cửa ải nào để thu thập thêm ngôi sao đỏ.,ตอนนี้ไม่มีด่านที่สามารถเก็บดาวแดงเพิ่มได้,"Şu anda, daha fazla kırmızı yıldız toplayabileceğiniz kapı aşaması yok."
RedStarListAllClear,You've collected all red stars.,레드 스타를 모두 모았습니다.,レッドスターをすべて集めました。,已收集所有红星！,已收集所有紅星！,Vous avez collecté toutes les étoiles rouges.,¡Has conseguido todas las estrellas rojas!,Hai raccolto tutte le stelle rosse.,Du hast alle roten Sterne gesammelt.,Você coletou todas as estrelas vermelhas.,Вы собрали все красные звёзды.,Anda telah mengumpulkan semua bintang merah.,Bạn đã thu thập tất cả ngôi sao đỏ.,คุณเก็บดาวแดงครบแล้ว,Tüm kırmızı yıldızları topladın.
Next,Next,다음,次へ,下一步,下一步,Suivant,Siguiente,Avanti,Weiter,Próximo,Далее,Berikutnya,Tiếp,ถัดไป,Sonraki
PremiumPack,Premium Pack,프리미엄 팩,プレミアムパック,高级礼包,高級禮包,Pack Premium,Pack premium,Pacchetto premium,Premium-Paket,Pacote premium,Премиум-пакет,Paket Premium,Gói Premium,แพ็กพรีเมียม,Premium Paket
RemainingTime,Remaining time :,남은 시간 :,残り時間：,剩余时间：,剩餘時間：,Temps restant :,Tiempo restante :,Tempo rimanente :,Verbleibende Zeit :,Tempo restante :,Осталось времени :,Waktu tersisa :,Thời gian còn lại :,เวลาที่เหลือ :,Kalan süre :
