ID,EN,KO,JP,CH,CHT,FR,SP,IT,DE,PT,RU,ID,VI,TH,TR,
DailyPlay,One Step a Day,하루에 한걸음씩,一日一歩,每天一步,每天一步,Jour après jour,Un paso al día,Un passo al giorno,Schritt für Schritt jeden Tag,Um passo por dia,Шаг за шагом каждый день,Selangkah setiap hari,Mỗi ngày một bước,ก้าวหนึ่งต่อวัน,Her Gün Bir Adım,
DailyPlaySub,Clear today’s mission {0} times to claim rewards.,오늘의 미션 {0}회 클리어하고 보상받기。,今日のミッションを{0}回クリアして報酬を受け取る。,完成今日的任务{0}次以领取奖励。,完成今日任務{0}次以領取獎勵。,Terminez la mission du jour {0} fois pour obtenir vos récompenses.,Completa la misión de hoy {0} veces para recibir recompensas.,Completa la missione di oggi {0} volte per ottenere le ricompense.,"Schließe die heutige Mission {0}-mal ab, um Belohnungen zu erhalten.",Conclua a missão de hoje {0} vezes para receber recompensas.,"Выполните сегодняшнюю миссию {0} раз, чтобы получить награды.",Selesaikan misi hari ini {0} kali untuk mendapatkan hadiah.,Hoàn thành nhiệm vụ hôm nay {0} lần để nhận thưởng.,เคลียร์มิชชั่นวันนี้ {0} ครั้งเพื่อรับรางวัล。,Bugünün görevini {0} kez tamamlayarak ödülleri al.,
LevelTitle1,Beginner,입문자,初級者,初学者,初學者,Débutant,Principiante,Principiante,Anfänger,Iniciante,Новичок,Pemula,Người mới,ผู้เริ่มต้น,Başlangıç,
LevelTitle2,Intermediate,중급자,中級者,中级者,中級者,Intermédiaire,Intermedio,Intermedio,Fortgeschritten,Intermediário,Средний уровень,Menengah,Trung cấp,ระดับกลาง,Orta,
LevelTitle3,Advanced,고급자,上級者,高级者,高級者,Avancé,Avanzado,Avanzato,Fortgeschritten+,Avançado,Продвинутый,Lanjutan,Nâng cao,ระดับสูง,İleri,
LevelTitle4,Expert,전문가,エキスパート,专家,專家,Expert,Experto,Esperto,Experte,Especialista,Эксперт,Ahli,Chuyên gia,ผู้เชี่ยวชาญ,Uzman,
LevelTitle5,Master,마스터,マスター,大师,大師,Maître,Maestro,Maestro,Meister,Mestre,Мастер,Master,Bậc thầy,มาสเตอร์,Usta,
LevelSub,Reach level {0}.,레벨 {0} 달성하기.,レベル{0}に到達する。,达到{0}级。,達到{0}級。,Atteignez le niveau {0}.,Alcanza el nivel {0}.,Raggiungi il livello {0}.,Erreiche Level {0}.,Alcance o nível {0}.,Достигните уровня {0}.,Capai level {0}.,Đạt cấp {0}.,ถึงเลเวล {0},Seviye {0}’a ulaş.,
StarTitle,Red Star Collector,레드 별 수집가,レッドスター集め,红色星星收集者,紅色星星收集者,Collectionneur d’étoiles rouges,Coleccionista de estrellas rojas,Collezionista di stelle rosse,Roter Stern-Sammler,Colecionador de estrelas vermelhas,Собиратель красных звёзд,Pengumpul bintang merah,Người thu thập sao đỏ,ผู้สะสมดาวแดง,Kırmızı Yıldız Koleksiyoncusu,
StarSub,Collect {0} red stars.,레드 별 {0}개를 모아보세요.,レッドスターを{0}個集めよう。,收集{0}颗红色星星。,收集{0}顆紅色星星。,Collectez {0} étoiles rouges.,Reúne {0} estrellas rojas.,Raccogli {0} stelle rosse.,Sammle {0} rote Sterne.,Colete {0} estrelas vermelhas.,Соберите {0} красных звёзд.,Kumpulkan {0} bintang merah.,Thu thập {0} sao đỏ.,สะสมดาวแดง {0} ดวง,{0} kırmızı yıldız topla.,
TimeAttackTitle1,Time Attack Challenger,타임어택 도전자,タイムアタック挑戦者,时间挑战者,時間挑戰者,Défi Temps,Desafío de tiempo,Sfida a tempo,Zeitangriff Herausforderer,Desafio de tempo,Испытание временем,Penantang waktu,Thử thách thời gian,ผู้ท้าทายเวลา,Zaman Saldırısı Adayı,
TimeAttackTitle2,Time Attack Skilled,타임어택 실력자,タイムアタック熟練者,时间高手,時間高手,Expert du temps,Experto del tiempo,Esperto del tempo,Zeitangriff Könner,Especialista em tempo,Мастер времени,Ahli waktu,Lão luyện thời gian,ผู้เล่นเวลาชำนาญ,Zaman Ustası,
TimeAttackTitle3,Time Attack Adept,타임어택 숙련자,タイムアタック上級者,时间达人,時間達人,Maître du temps,Dominador del tiempo,Dominatore del tempo,Zeitangriff Profi,Especialista avançado,Профессионал времени,Ahli mahir,Người thành thạo,ผู้เชี่ยวชาญด้านเวลา,Zaman Ustalaşmış,
TimeAttackTitle4,Time Attack Expert,타임어택 전문가,タイムアタックエキスパート,时间专家,時間專家,Expert du contre-la-montre,Experto contrarreloj,Esperto cronometro,Zeitangriff Experte,Especialista contra tempo,Эксперт по времени,Ahli pakar waktu,Chuyên gia thời gian,ผู้เชี่ยวชาญโหมดเวลา,Zaman Uzmanı,
TimeAttackTitle5,Time Attack Master,타임어택 마스터,タイムアタックマスター,时间大师,時間大師,Maître du temps,Maestro del tiempo,Maestro del tempo,Zeitangriff Meister,Mestre do tempo,Мастер времени,Master waktu,Bậc thầy thời gian,มาสเตอร์เวลา,Zaman Ustası,
TimeAttackSub,Clear within {0}.,{0} 안에 클리어하기.,{0}以内にクリアする。,在{0}内完成。,在{0}內完成。,Terminez en moins de {0}.,Completa en menos de {0}.,Completa entro {0}.,Schließe in {0} ab.,Conclua dentro de {0}.,Пройдите за {0}.,Selesaikan dalam {0}.,Hoàn thành trong {0}.,ผ่านให้ทัน {0},{0} içinde tamamla.,
SurvivalTitle1,Survival Challenger,서바이벌 모드 도전자,サバイバル挑戦者,生存挑战者,生存挑戰者,Défi Survie,Desafío de supervivencia,Sfida sopravvivenza,Überlebens-Herausforderer,Desafiante de sobrevivência,Испытание на выживание,Penantang survival,Thử thách sinh tồn,ผู้ท้าชิงโหมดเอาชีวิตรอด,Hayatta Kalma Adayı,
SurvivalTitle2,Survival Skilled,서바이벌 모드 실력자,サバイバル熟練者,生存高手,生存高手,Expert Survie,Experto en supervivencia,Esperto sopravvivenza,Überlebens-Könner,Especialista em sobrevivência,Опытный выживальщик,Ahli survival,Người chơi có kỹ năng,ผู้เล่นชำนาญโหมดเอาชีวิตรอด,Hayatta Kalma Yetkin,
SurvivalTitle3,Survival Adept,서바이벌 모드 숙련자,サバイバル上級者,生存达人,生存達人,Maître Survie,Dominador de supervivencia,Dominatore sopravvivenza,Überlebens-Profi,Especialista avançado,Профессионал выживания,Ahli mahir survival,Người thành thạo sinh tồn,ผู้เชี่ยวชาญเอาชีวิตรอด,Hayatta Kalma Ustalaşmış,
SurvivalTitle4,Survival Expert,서바이벌 모드 전문가,サバイバルエキスパート,生存专家,生存專家,Expert Survie,Experto experto,Esperto esperto,Überlebens-Experte,Especialista sobrevivência,Эксперт по выживанию,Ahli pakar survival,Chuyên gia sinh tồn,ผู้เชี่ยวชาญเอาชีวิตรอด,Hayatta Kalma Uzmanı,
SurvivalTitle5,Survival Master,서바이벌 모드 마스터,サバイバルマスター,生存大师,生存大師,Maître Survie,Maestro de supervivencia,Maestro sopravvivenza,Überlebens-Meister,Mestre da sobrevivência,Мастер выживания,Master survival,Bậc thầy sinh tồn,มาสเตอร์เอาชีวิตรอด,Hayatta Kalma Ustası,
SurvivalSub,Achieve {0} points or more.,{0}점 이상 달성.,{0}点以上を達成する。,达到{0}分以上。,達到{0}分以上。,Obtenez au moins {0} points.,Consigue {0} puntos o más.,Ottieni almeno {0} punti.,Erreiche mindestens {0} Punkte.,Obtenha {0} pontos ou mais.,Наберите не менее {0} очков.,Capai minimal {0} poin.,Đạt trên {0} điểm.,ทำให้ได้ {0} คะแนนขึ้นไป,En az {0} puan al.,
ItemUseTitle,Item Specialist,아이템 전문가,アイテムの達人,道具达人,道具達人,Spécialiste des objets,Especialista en objetos,Specialista degli oggetti,Objekt-Spezialist,Especialista em itens,Мастер предметов,Spesialis Item,Chuyên gia vật phẩm,ผู้เชี่ยวชาญไอเท็ม,Eşya Uzmanı,
ItemUseSub,Use items {0} times.,아이템 {0}회 사용하기.,アイテムを{0}回使用する。,使用道具{0}次。,使用道具{0}次。,Utilisez des objets {0} fois.,Usa objetos {0} veces.,Usa oggetti {0} volte.,Verwende Items {0}-mal.,Use itens {0} vezes.,Используйте предметы {0} раз.,Gunakan item sebanyak {0} kali.,Sử dụng vật phẩm {0} lần.,ใช้ไอเท็ม {0} ครั้ง,{0} kez eşya kullan.,
StagePlayTitle,Persistent Player,꾸준한 플레이,コツコツプレイヤー,坚持不懈的玩家,持續挑戰的玩家,Joueur persévérant,Jugador constante,Giocatore costante,Beständiger Spieler,Jogador persistente,Упорный игрок,Pemain Tekun,Người chơi bền bỉ,ผู้เล่นผู้มุ่งมั่น,Kararlı Oyuncu,
StagePlaySub,Clear {0} stages.,스테이지 {0}회 클리어하기.,ステージを{0}回クリアする。,通关{0}个关卡。,通關{0}個關卡。,Terminez {0} niveaux.,Completa {0} niveles.,Completa {0} livelli.,Schließe {0} Stufen ab.,Complete {0} fases.,Пройдите {0} уровней.,Selesaikan {0} level.,Hoàn thành {0} màn.,เคลียร์ด่าน {0} ครั้ง,{0} bölüm tamamla.,
TimeAttackPlayTitle,Time-Attack Challenger,타임어택 도전자,タイムアタック挑戦者,限时挑战者,限時挑戰者,Challenger de Time-Attack,Desafiante de Time Attack,Sfidante Time Attack,Time-Attack Herausforderer,Desafiante de Time Attack,Участник тайм-атаки,Penantang Time-Attack,Thử thách Time Attack,ผู้ท้าชิงไทม์แอตแทค,Zaman Saldırısı Meydan Okuyanı,
TimeAttackPlaySub,Clear Time-Attack {0} times.,타임어택 {0}회 클리어하기.,タイムアタックを{0}回クリアする。,完成限时挑战{0}次。,完成限時挑戰{0}次。,Terminez le Time-Attack {0} fois.,Completa el Time Attack {0} veces.,Completa il Time Attack {0} volte.,Schließe Time-Attack {0}-mal ab.,Complete o Time Attack {0} vezes.,Пройдите тайм-атаку {0} раз.,Selesaikan Time-Attack {0} kali.,Hoàn thành Time-Attack {0} lần.,เคลียร์ไทม์แอตแทค {0} ครั้ง,{0} kez Time Attack tamamla.,
SurvivalPlayTitle,Survival Mode Challenger,서바이벌 모드 도전자,サバイバルモード挑戦者,生存模式挑战者,生存模式挑戰者,Challenger du mode Survie,Desafiante del modo Supervivencia,Sfidante Modalità Sopravvivenza,Überlebensmodus-Herausforderer,Desafiante do modo Sobrevivência,Испытатель режима выживания,Penantang Mode Survival,Người thách đấu chế độ sinh tồn,ผู้ท้าชิงโหมดเซอร์ไววัล,Hayatta Kalma Modu Meydan Okuyanı,
SurvivalPlaySub,Clear Survival Mode {0} times.,서바이벌 모드 {0}회 클리어하기.,サバイバルモードを{0}回クリアする。,通关生存模式{0}次。,通關生存模式{0}次。,Terminez le mode Survie {0} fois.,Completa el modo Supervivencia {0} veces.,Completa la modalità Sopravvivenza {0} volte.,Schließe den Überlebensmodus {0}-mal ab.,Complete o modo Sobrevivência {0} vezes.,Пройдите режим выживания {0} раз.,Selesaikan Mode Survival {0} kali.,Hoàn thành chế độ Sinh tồn {0} lần.,เคลียร์โหมดเซอร์ไววัล {0} ครั้ง,Hayatta Kalma Modu {0} kez tamamla.,
AdsFreeGoldTitle,Today’s Free Gold,오늘의 무료 골드,今日の無料ゴールド,今日免费金币,今日免費金幣,Or gratuit du jour,Oro gratis de hoy,Oro gratis del giorno,Heutiges Gratis-Gold,Ouro grátis de hoje,Бесплатное золото дня,Emas Gratis Hari Ini,Vàng miễn phí hôm nay,ทองฟรีวันนี้,Bugünün Ücretsiz Altını,
AdsFreeGoldSub,Claim rewards {0} times by watching ads.,광고를 보고 {0}회 보상받기.,広告を見て{0}回報酬を受け取る。,观看广告领取{0}次奖励。,觀看廣告領取{0}次獎勵。,Obtenez {0} récompenses en regardant des pubs.,Obtén recompensas {0} veces viendo anuncios.,Ricevi ricompense {0} volte guardando annunci.,Erhalte {0} Belohnungen durch das Ansehen von Werbung.,Receba recompensas {0} vezes assistindo anúncios.,Получите {0} наград, просмотрев рекламу.,Dapatkan hadiah {0} kali dengan menonton iklan.,Nhận thưởng {0} lần bằng cách xem quảng cáo.,รับรางวัล {0} ครั้งโดยดูโฆษณา,Reklam izleyerek {0} kez ödül al.
